municipality_id,jurisdiction,geoid,in_region,zoning_codes,polygons,sq_mi,zoning_data_date,regrid_code_link,regrid_link_is_vendor,codes_max_density_du_per_acre_5555,codes_max_building_height_ft_5555,codes_max_far_5555,codes_min_lot_area_sq_ft_5555,official_code_url,local_zoning_gis_url,status,notes
112,Walnut Creek,06013,True,37,915,17.3,2024-06-11,https://zoneomics.com/code/walnut-creek-CA,True,21,21,25,8,,,not_started,
148,San Jose,06085,True,55,11819,152.1,2025-10-09,https://library.municode.com/ca/san_jose/codes/code_of_ordinances?nodeId=TIT20ZO_CH20.10GEPRZODI,False,4,9,9,4,,,not_started,
189,Oakland,06001,True,104,1041,78.1,2025-08-28,https://www.zoneomics.com/code/oakland-CA,True,38,31,39,2,,,not_started,
216,San Francisco,06075,True,841,3232,47.0,2025-08-19,https://codelibrary.amlegal.com/codes/san_francisco/latest/sf_planning/0-0-0-17747,False,387,56,89,169,,,not_started,
218,Santa Clara,06085,True,42,2039,14.3,2025-09-11,https://www.santaclaraca.gov/home/showpublisheddocument/87440/638896474310800000,False,0,19,0,0,,,not_started,
295,Palo Alto,06085,True,165,474,24.5,2024-06-05,https://zoneomics.com/code/palo-alto-CA,True,130,151,158,136,,,not_started,
296,Mountain View,06085,True,77,317,11.4,2024-06-07,https://library.municode.com/ca/mountain_view/codes/code_of_ordinances?nodeId=PTIITHCO_CH36ZO_ARTIIESDIZOMA_DIV1ZODIES,False,39,69,44,33,,,not_started,
297,South San Francisco,06081,True,33,984,7.4,2024-05-31,https://zoneomics.com/code/south-san-francisco-CA,True,0,27,11,17,,,not_started,
359,Sunnyvale,06085,True,35,1441,17.9,2024-06-07,https://zoneomics.com/code/sunnyvale-CA,True,5,8,19,7,,,not_started,
449,Campbell,06085,True,24,935,4.7,2025-09-30,https://library.municode.com/ca/campbell/codes/code_of_ordinances?nodeId=TIT21ZO,False,9,10,22,11,,,not_started,
660,Milpitas,06085,True,25,882,10.9,2024-06-07,https://zoneomics.com/code/milpitas-CA,True,7,6,3,9,,,not_started,
808,Hayward,06001,True,71,2011,60.3,2025-10-02,https://library.municode.com/ca/hayward/codes/municipal_code?nodeId=HAYWARD_MUNICIPAL_CODE_CH10PLZOSU,False,7,26,0,24,,,not_started,
1483,Alameda,06001,True,30,870,9.9,2025-09-25,https://library.municode.com/ca/alameda/codes/code_of_ordinances?nodeId=CHXXXDERE,False,7,10,0,1,,,not_started,
1484,Albany,06001,True,10,40,1.6,2025-09-24,https://ecode360.com/37939277,False,2,5,8,4,,,not_started,
1485,Atherton,06081,True,5,18,5.1,2025-09-25,https://atherton.municipal.codes/Code/17,False,0,2,2,2,https://atherton.municipal.codes/Code/17,,batch2_drafted,
1486,Belmont,06081,True,32,133,4.7,2025-09-25,https://www.belmont.gov/departments/community-development/planning-and-zoning/planning-and-zoning-documents/zoning-ordinance,False,9,10,13,9,,,not_started,
1487,Belvedere,06041,True,11,79,2.1,2025-02-13,https://www.zoneomics.com/code/belvedere-CA,True,3,8,6,3,,,not_started,
1491,Brisbane,06081,True,18,29,3.0,2024-05-30,https://zoneomics.com/code/brisbane-CA,True,9,10,6,8,,,not_started,
1492,Burlingame,06081,True,21,612,4.8,2024-05-30,https://zoneomics.com/code/burlingame-CA,True,2,17,6,4,,,not_started,
1493,Colma,06081,True,7,53,1.8,2024-05-30,https://www.zoneomics.com/code/colma-CA,True,0,2,0,2,,,not_started,
1494,Corte Madera,06041,True,17,286,4.0,2025-02-13,https://www.zoneomics.com/code/corte-madera-CA,True,3,2,9,6,,,not_started,
1495,Danville,06013,True,48,925,15.8,2025-10-14,https://codelibrary.amlegal.com/codes/danvilleca/latest/danville_ca/0-0-0-7018,False,3,15,22,20,,,not_started,
1496,Dublin,06001,True,22,209,14.4,2025-10-14,https://www.codepublishing.com/CA/Dublin/#!/Dublin08/Dublin08.html,False,0,15,11,20,,,not_started,
1497,Emeryville,06001,True,22,119,1.2,2025-10-13,https://www.codepublishing.com/CA/Emeryville/#!/Emeryville09/Emeryville09.html,False,0,0,0,14,https://ecode360.com/46996975,,batch2_drafted,"Code moved from codepublishing to ecode360. FAR, height, and density are set by General Plan maps, not zones; parcel values need the map layers."
1498,Fairfax,06041,True,14,228,2.0,2025-03-07,https://www.zoneomics.com/code/fairfax-CA,True,3,11,0,7,,,not_started,
1499,Foster City,06081,True,23,236,3.4,2024-05-30,https://www.codepublishing.com/CA/FosterCity/,False,9,11,0,10,,,not_started,
1500,Fremont,06001,True,480,1171,86.9,2025-09-18,https://www.codepublishing.com/CA/Fremont/#!/Fremont18/Fremont18.html,False,27,429,427,377,,,not_started,
1501,Gilroy,06085,True,24,226,15.7,2025-10-02,https://www.codepublishing.com/CA/Gilroy/#!/Gilroy30/Gilroy30.html,False,1,9,0,5,,,not_started,
1502,Half Moon Bay,06081,True,20,79,6.2,2024-05-30,https://zoneomics.com/code/half-moon-bay-CA,True,4,7,4,3,,,not_started,
1503,Larkspur,06041,True,17,47,3.2,2025-02-14,https://larkspur.municipal.codes/Code/18,False,0,0,2,3,https://larkspur.municipal.codes/Code/18,,batch1_drafted,Site has bot protection; read pages one at a time.
1504,Livermore,06001,True,219,424,26.6,2024-08-27,https://www.codepublishing.com/CA/Livermore/,False,39,35,3,4,,,not_started,
1505,Los Altos,06085,True,20,495,5.3,2025-02-18,https://www.zoneomics.com/code/los-altos-CA,True,2,13,7,7,,,not_started,
1506,Los Gatos,06085,True,63,369,11.2,2024-06-07,https://zoneomics.com/code/los-gatos-CA,True,23,11,5,16,,,not_started,
1507,Menlo Park,06081,True,48,582,16.7,2025-10-06,https://www.codepublishing.com/CA/MenloPark/html/MenloPark16/MenloPark16.html,False,1,29,37,5,,,not_started,
1508,Mill Valley,06041,True,31,607,4.2,2025-02-13,https://www.zoneomics.com/code/mill-valley-CA,True,0,17,13,2,,,not_started,
1509,Millbrae,06081,True,14,81,3.2,2025-10-02,https://www.codepublishing.com/CA/Millbrae/#!/Millbrae10/Millbrae1005.html#10.05,False,6,8,8,4,,,not_started,
1510,Morgan Hill,06085,True,24,468,12.1,2024-06-05,https://zoneomics.com/code/morgan-hill-CA,True,2,8,4,7,,,not_started,
1511,Newark,06001,True,19,159,13.9,2024-08-09,https://zoneomics.com/code/newark-CA,True,4,9,0,1,,,not_started,
1512,Novato,06041,True,34,801,25.2,2025-02-13,https://www.zoneomics.com/code/novato-CA,True,20,31,11,10,,,not_started,
1513,Piedmont,06001,True,5,27,1.7,2024-08-09,https://www.zoneomics.com/code/piedmont-CA,True,0,2,4,1,https://piedmont.ca.gov/government/charter___city_code,,batch2_drafted,Code published only as PDFs; Regrid's PDF link is broken (404). Used Chapter 17 PDF amended through Ord. 777 N.S. (01/2025).
1514,Pleasanton,06001,True,82,486,23.0,2025-09-12,https://ecode360.com/43033789,False,0,27,19,24,,,not_started,
1515,Portola Valley,06081,True,16,24,9.1,2024-05-30,https://zoneomics.com/code/portola-valley-CA,True,10,14,0,11,,,not_started,
1516,Redwood City,06081,True,47,1201,8.6,2024-05-31,https://zoneomics.com/code/redwood-city-CA,True,10,17,18,35,,,not_started,
1517,Ross,06041,True,13,85,1.4,2025-02-13,https://www.townofrossca.gov/administration/page/title-18-zoning,False,0,0,1,1,,,not_started,
1518,San Anselmo,06041,True,20,471,2.3,2025-02-13,https://www.zoneomics.com/code/san-anselmo-CA,True,8,18,9,5,,,not_started,
1519,San Bruno,06081,True,18,481,4.1,2024-05-31,https://zoneomics.com/code/san-bruno-CA,True,0,2,8,7,,,not_started,
1520,San Carlos,06081,True,27,118,5.3,2024-05-30,https://zoneomics.com/code/san-carlos-CA,True,1,0,2,1,,,not_started,
1521,San Leandro,06001,True,88,451,12.9,2025-10-09,https://ecode360.com/44550340,False,45,68,38,35,,,not_started,
1522,San Mateo,06081,True,77,1484,12.5,2025-10-09,https://law.cityofsanmateo.org/us/ca/cities/san-mateo/code/27,False,6,65,46,38,,,not_started,
1523,San Rafael,06041,True,160,1809,16.6,2025-02-13,https://www.zoneomics.com/code/san-rafael-CA,True,112,98,25,106,,,not_started,
1525,Saratoga,06085,True,26,76,12.8,2025-10-13,https://library.municode.com/ca/saratoga/codes/code_of_ordinances?nodeId=CH15ZORE,False,16,16,16,16,,,not_started,
1526,Sausalito,06041,True,21,74,2.1,2025-02-13,https://www.zoneomics.com/code/sausalito-CA,True,15,1,0,0,,,not_started,
1527,Tiburon,06041,True,17,330,14.9,2025-02-13,https://www.zoneomics.com/code/tiburon-CA,True,3,5,9,5,,,not_started,
1528,Union City,06001,True,31,915,17.5,2024-08-27,https://zoneomics.com/code/union-city-CA,True,1,12,4,6,,,not_started,
1529,Woodside,06081,True,11,62,11.2,2025-02-17,https://library.municode.com/ca/woodside/codes/municipal_code?nodeId=CD_ORD_TITXVLAUS,False,0,0,9,0,https://library.municode.com/ca/woodside/codes/municipal_code?nodeId=CD_ORD_TITXVLAUS,,batch1_drafted,
1530,East Palo Alto,06081,True,24,291,2.1,2024-05-31,https://zoneomics.com/code/east-palo-alto-CA,True,11,0,7,2,,,not_started,
1531,Monte Sereno,06085,True,5,16,1.6,2024-06-05,https://zoneomics.com/code/monte-sereno-CA,True,0,4,0,0,https://library.municode.com/ca/monte_sereno/codes/code_of_ordinances?nodeId=MUCO_TIT10PLZO,,batch2_drafted,
1532,Contra Costa County Unincorporated,06013,True,33,1030,484.3,2025-09-30,https://library.municode.com/ca/contra_costa_county/codes/ordinance_code?nodeId=TIT8ZO,False,5,10,0,12,,,not_started,
1533,Santa Cruz County Unincorporated,06085,False,1,1,0.2,2025-01-15,https://www.zoneomics.com/code/santa-cruz-county-unincorporated-CA,True,0,1,0,1,,,not_started,
1534,Marin County Unincorporated,06041,True,334,2938,508.6,2025-02-21,https://www.zoneomics.com/code/marin-county-unincorporated-CA,True,155,60,85,204,,,not_started,
1535,Santa Clara County Unincorporated,06085,True,151,1074,942.7,2025-10-13,https://library.municode.com/ca/santa_clara_county/codes/code_of_ordinances?nodeId=TITCCODELAUS_APXIZO,False,0,6,0,69,,,not_started,
1933,Napa,06055,True,45,1693,16.1,2024-12-06,https://www.zoneomics.com/code/napa-CA,True,3,3,0,2,https://ecode360.com/43396077,,batch2_drafted,"Zoning defers density and FAR to General Plan density ranges for nearly all districts; needs GP 2040 layer. Regrid codes MU-CH, MU-CL, MU-R not found in zoning code (likely GP designations). Napa Pipe master plan districts not checked."
2653,Lafayette,06013,True,22,398,13.7,2025-10-02,https://library.municode.com/ca/lafayette/codes/code_of_ordinances?nodeId=TIT6PLLAUS,False,8,1,1,0,,,not_started,
2654,Alameda County Unincorporated,06001,True,508,2447,412.4,2025-10-06,https://library.municode.com/ca/alameda_county/codes/code_of_ordinances?nodeId=TIT17ZO,False,31,90,48,81,,,not_started,
2657,San Ramon,06013,True,32,360,17.5,2025-10-14,https://online.encodeplus.com/regs/sanramon-ca/doc-viewer.aspx#secid-3764,False,8,30,10,12,,,not_started,
2659,Pittsburg,06013,True,32,186,17.4,2024-06-07,https://zoneomics.com/code/pittsburg-CA,True,17,15,17,12,,,not_started,
2664,Vacaville,06095,True,59,1553,26.0,2025-03-27,https://www.zoneomics.com/code/vacaville-CA,True,2,31,0,17,,,not_started,
2666,Fairfield,06095,True,40,526,41.0,2025-08-27,https://zoneomics.com/code/fairfield-CA,True,15,5,0,15,,,not_started,
2684,Antioch,06013,True,28,231,29.1,2025-10-13,https://codelibrary.amlegal.com/codes/antioch/latest/antioch_ca/0-0-0-27919,False,6,6,0,6,,,not_started,
2696,Berkeley,06001,True,42,1784,7.7,2025-09-01,https://berkeley.municipal.codes/BMC/23,False,8,29,13,23,https://berkeley.municipal.codes/BMC/23,,pilot_drafted,Pilot 2026-10-02: 25 -5555 values drafted plus 4 incorrect -9999 densities. Code site blocks automated fetching; read via browser.
2702,Richmond,06013,True,26,374,28.5,2024-06-07,https://zoneomics.com/code/richmond-CA,True,2,20,11,5,,,not_started,
2868,Brentwood,06013,True,84,230,13.5,2025-10-02,https://ecode360.com/43617892#43617931,False,4,37,1,46,,,not_started,
2959,Santa Rosa,06097,True,581,4036,36.8,2025-09-18,https://ecode360.com/42980391#42980393,False,71,15,0,531,,,not_started,
2971,Vallejo,06095,True,23,1794,32.0,2025-09-01,https://library.municode.com/ca/vallejo/codes/municipal_code?nodeId=TIT16ZO,False,6,17,5,7,,,not_started,
2986,Concord,06013,True,32,1902,26.3,2025-08-21,https://www.codepublishing.com/CA/Concord/#!/Concord18/Concord18.html,False,16,0,1,6,,,not_started,
3293,Dixon,06095,True,20,85,6.6,2025-02-04,https://www.zoneomics.com/code/dixon-CA,True,3,14,5,5,https://ecode360.com/47180441,,batch1_drafted,"Zoning code comprehensively updated, effective 2024-06-06."
3304,Cloverdale,06097,True,30,91,3.0,2025-02-13,https://www.cloverdale.net/DocumentCenter/View/4928/City-of-Cloverdale-Zoning-Ordinance---Adopted-01-28-2015,False,15,19,18,16,,,not_started,
3306,Pleasant Hill,06013,True,82,467,5.7,2024-06-11,https://zoneomics.com/code/pleasant-hill-CA,True,1,1,18,12,,,not_started,
3314,American Canyon,06055,True,46,313,5.3,2025-09-25,https://law.cityofamericancanyon.org/us/ca/cities/american-canyon/code/19,False,4,3,5,7,https://law.cityofamericancanyon.org/us/ca/cities/american-canyon/code/19,,batch2_drafted,"Town Center (TC, TC-PARK) density not in Title 19 text; likely set by the Town Center Specific Plan (not checked)."
3316,Daly City,06081,True,80,256,7.0,2024-05-30,https://zoneomics.com/code/daly-city-CA,True,44,49,50,63,,,not_started,
3325,Cupertino,06085,True,105,447,10.9,2024-06-05,https://zoneomics.com/code/cupertino-CA,True,28,38,49,91,,,not_started,
3361,Orinda,06013,True,15,326,11.8,2024-06-07,https://zoneomics.com/code/orinda-CA,True,2,11,0,3,,,not_started,
3892,Hillsborough,06081,True,3,12,6.2,2025-09-30,https://library.municode.com/ca/hillsborough/codes/code_of_ordinances?nodeId=TIT17ZO,False,0,3,3,3,,,not_started,
3893,San Mateo County Unincorporated,06081,True,125,402,312.5,2025-10-09,https://www.smcgov.org/media/101461/download?inline=,False,25,101,6,86,,,not_started,
3981,El Cerrito,06013,True,15,68,3.7,2025-10-14,https://library.municode.com/ca/el_cerrito/codes/code_of_ordinances?nodeId=TIT19ZO,False,11,9,5,7,,,not_started,
3982,Oakley,06013,True,28,617,14.2,2024-06-07,https://zoneomics.com/code/oakley-CA,True,2,16,1,11,https://ecode360.com/49656537,,batch1_drafted,Regrid link (codepublishing) is out of date; code moved to ecode360.
3984,Clayton,06013,True,10,49,3.7,2025-09-26,https://library.municode.com/ca/clayton/codes/municipal_code?nodeId=TIT17ZO,False,0,1,0,1,,,not_started,
3985,Moraga,06013,True,21,86,9.5,2024-06-13,https://zoneomics.com/code/moraga-CA,True,13,15,9,11,,,not_started,
3986,Pinole,06013,True,15,120,5.7,2024-06-07,https://zoneomics.com/code/pinole-CA,True,0,0,0,0,,,not_started,
3987,Martinez,06013,True,59,278,13.2,2025-10-06,https://library.municode.com/ca/martinez/codes/code_of_ordinances?nodeId=COOR_TIT22ZO,False,2,49,42,28,,,not_started,
3988,San Pablo,06013,True,13,130,2.5,2025-10-09,https://www.codepublishing.com/CA/SanPablo/#!/SanPablo17/SanPablo17.html,False,7,9,5,7,,,not_started,
3989,Hercules,06013,True,17,72,6.5,2025-09-30,https://www.codepublishing.com/CA/Hercules/#!/Hercules13/Hercules13.html,False,7,2,11,8,,,not_started,
4447,Petaluma,06097,True,29,1146,12.2,2025-04-24,https://petaluma.municipal.codes/ZoningOrds,False,0,12,1,7,,,not_started,
4506,Sonoma County Unincorporated,06097,True,38,4534,1478.4,2025-04-24,https://www.zoneomics.com/code/sonoma-county-unincorporated-CA,True,9,18,0,26,,,not_started,
4832,Pacifica,06081,True,29,226,12.6,2024-05-30,https://library.municode.com/ca/pacifica/codes/code_of_ordinances?nodeId=TIT9PLZO_CH4ZO_ART3ESDI,False,0,20,0,12,https://library.municode.com/ca/pacifica/codes/code_of_ordinances?nodeId=TIT9PLZO_CH4ZO,,batch2_drafted,"Regrid data date 2024-05-30; zoning amended since (e.g. Ord. 902-C.S. 2025, and new higher-density districts in Article 54)."
4915,Benicia,06095,True,20,634,12.2,2025-09-24,https://www.codepublishing.com/CA/Benicia/#!/Benicia17/Benicia17.html,False,1,13,9,11,,,not_started,
4916,Rio Vista,06095,True,18,356,6.0,2023-07-26,https://zoneomics.com/code/rio-vista-CA,True,0,1,0,5,https://ecode360.com/42829108,,batch1_drafted,
4917,Suisun City,06095,True,12,91,3.9,2023-07-26,https://zoneomics.com/code/suisun-city-CA,True,0,1,1,0,,,blocked,No official online code found; only third-party GoCodebook.
4922,Solano County Unincorporated,06095,True,36,274,755.7,2025-01-15,https://www.zoneomics.com/code/solano-county-unincorporated-CA,True,0,11,2,6,https://codepublishing.com/CA/SolanoCounty/html/SolanoCounty2800/SolanoCounty2802.html,,batch2_partial,Regrid links to vendor. R-TC-MF and R-TC-MU density not stated in 28.32 (likely General Plan); I-AS and P not yet read.
5473,Calistoga,06055,True,25,176,2.4,2025-09-26,https://www.codepublishing.com/CA/Calistoga/html/Calistoga17/Calistoga17.html,False,1,7,2,14,,,not_started,
5474,Napa County Unincorporated,06055,True,36,148,757.2,2024-12-06,https://www.zoneomics.com/code/napa-county-unincorporated-CA,True,8,2,0,19,,,not_started,
5475,Saint Helena,06055,True,15,215,4.6,2023-10-03,https://www.zoneomics.com/code/saint-helena-CA,True,2,1,6,0,,,not_started,
5476,Yountville,06055,True,13,114,1.3,2023-10-03,https://zoneomics.com/code/yountville-CA,True,1,7,3,1,https://ecode360.com/42569404,,batch2_drafted,Regrid links to vendor; official code on ecode360. Regrid code MR = RM in code.
6077,Mendocino County Unincorporated,06097,False,1,1,0.0,2025-01-14,https://www.zoneomics.com/code/mendocino-county-unincorporated-CA,True,1,0,0,0,,,not_started,
6091,Cotati,06097,True,17,206,1.5,2025-01-08,https://www.zoneomics.com/code/cotati-CA,True,0,0,0,2,https://ecode360.com/46697372,,batch1_drafted,Code moved from codepublishing to ecode360.
6095,Healdsburg,06097,True,19,107,4.2,2025-09-30,https://www.codepublishing.com/CA/Healdsburg/html/Healdsburg20/Healdsburg2008.html#20.08.005,False,0,12,7,8,,,not_started,
6097,Rohnert Park,06097,True,18,442,5.8,2023-12-01,https://zoneomics.com/code/rohnert-park-CA,True,1,2,5,4,https://library.municode.com/ca/rohnert_park/codes/code_of_ordinances?nodeId=TIT17ZO,,batch1_drafted,
6098,Sebastopol,06097,True,17,264,1.6,2025-10-13,https://sebastopol.municipal.codes/SMC/17,False,10,15,7,8,,,not_started,
6099,Sonoma,06097,True,15,90,2.8,2023-12-01,https://zoneomics.com/code/sonoma-CA,True,1,2,1,0,https://sonoma.municipal.codes/SMC/19,,batch2_drafted,"Development standards vary by planning area (13 areas, SMC Ch. 19.18-19.38)."
6101,Windsor,06097,True,19,507,5.8,2023-12-01,https://www.zoneomics.com/code/windsor-CA,True,2,1,0,0,https://library.municode.com/ca/windsor/codes/code_of_ordinances?nodeId=TITXVIIZOCO,,batch1_drafted,Regrid code HDR is not a current zone.
8903,Los Altos Hills,06085,True,2,93,8.0,2025-02-18,https://ecode360.com/43999429#43999431,False,0,2,2,2,https://ecode360.com/43999429,,batch1_drafted,
