municipality_id,jurisdiction,zoning,zoning_description,base_zoning,overlay_codes,parse_method,notes
2654,Alameda County Unincorporated,A-BE-CA,Agriculture Site Area Cultivated Agriculture Overlay,A-BE,CA,auto,
2654,Alameda County Unincorporated,A-CA,Agriculture Cultivated Agriculture Overlay,A,CA,auto,
2654,Alameda County Unincorporated,ACBD-SP-AO-CMU-C,Ashland Cherryland Business District Specific Plan Auto Overlay Corridor Mixed Use Commercial Auto Overlay,A,CBD;SP;AO;CMU;C,auto,
2654,Alameda County Unincorporated,ACBD-SP-AO-CMU-R,Ashland Cherryland Business District Specific Plan Auto Overlay Corridor Mixed Use Residential,A,CBD;SP;AO;CMU;R,auto,
2654,Alameda County Unincorporated,ACBD-SP-AO-CN,Ashland Cherryland Business District Specific Plan Auto Overlay Corridor Neighborhood,A,CBD;SP;AO;CN,auto,
2654,Alameda County Unincorporated,CN-HO,Neighborhood Commercial Hillside Overlay,CN,HO,auto,
2654,Alameda County Unincorporated,MASP-R1-B20-RV-HO,Madison Area Specific Plan Single Family Residential Site Area 20000 Square Feet Recreational Vehicle Hillside Overlay,MASP-R1-B20-RV,HO,auto,Base code not in Regrid on its own; split on known overlay tokens; review
2654,Alameda County Unincorporated,MASP-R1-B40-RV-HO,Madison Area Specific Plan Single Family Residential Site Area 40000 Square Feet Recreational Vehicle Hillside Overlay,MASP-R1-B40-RV,HO,auto,
2654,Alameda County Unincorporated,MASP-R1-RV-HO,Madison Area Specific Plan Single Family Residential Recreational Vehicle Hillside Overlay,MASP-R1-RV,HO,auto,Base code not in Regrid on its own; split on known overlay tokens; review
2654,Alameda County Unincorporated,PD-1572-HO,Planned Development Hillside Overlay,PD-1572,HO,auto,
2654,Alameda County Unincorporated,PD-1871-HO,Planned Development Hillside Overlay,PD-1871,HO,auto,
2654,Alameda County Unincorporated,PD-1956-HO,Planned Development Hillside Overlay,PD-1956,HO,auto,
2654,Alameda County Unincorporated,PD-1957-HO,Planned Development Hillside Overlay,PD-1957,HO,auto,
2654,Alameda County Unincorporated,R1-B20-RV-HO,Single Family Residential Site Area 20000 Square Feet Recreational Vehicle Hillside Overlay,R1-B20-RV,HO,auto,
2654,Alameda County Unincorporated,R1-BE-HO,Single Family Residential Site Area Hillside Overlay,R1-BE,HO,auto,
2654,Alameda County Unincorporated,R1-BE-RV-HO,Single Family Residential Site Area Recreational Vehicle Hillside Overlay,R1-BE-RV,HO,auto,
2654,Alameda County Unincorporated,R1-CA-BE-SU,Single Family Residential Cultivated Agriculture Overlay Site Area Secondary Units,R1,CA;BE;SU,auto,
2654,Alameda County Unincorporated,R1-D15-HO,Single Family Residential Density 1500 Per Dwelling Unit Hillside Overlay,R1-D15,HO,auto,
2654,Alameda County Unincorporated,R1-D20-HO,Single Family Residential Density 2000 Per Dwelling Unit Hillside Overlay,R1-D20,HO,auto,
2654,Alameda County Unincorporated,R1-D25-HO,Single Family Residential Density 2500 Per Dwelling Unit Hillside Overlay,R1-D25,HO,auto,
2654,Alameda County Unincorporated,R1-HO,Single Family Residential Hillside Overlay,R1,HO,auto,
2654,Alameda County Unincorporated,R1-L-BE-RV-HO,Single Family Residential Agricultural Use Site Area Recreational Vehicle Hillside Overlay,R1-L-BE-RV,HO,auto,
2654,Alameda County Unincorporated,R1-RV-HO,Single Family Residential Recreational Vehicle Hillside Overlay,R1-RV,HO,auto,
2654,Alameda County Unincorporated,R3-HO,Four Family Residential Hillside Overlay,R3,HO,auto,
3314,American Canyon,LI-CS,Light Industrial And Specialty Commercial Overlay,LI,CS,auto,
3314,American Canyon,RM-MHP,Medium Residential And Mobile Home Park Overlay,RM,MHP,auto,
2684,Antioch,P-D/S-H,Planned Development Senior Housing Overlay,P,D;S;H,auto,Base code not in Regrid on its own; split on known overlay tokens; review
2684,Antioch,R-10-T,Medium Density Residential Manufactured Housing Combining,R-10,T,auto,
2684,Antioch,R-20-T,Medium Density Residential Manufactured Housing Combining,R-20,T,auto,
2684,Antioch,R-25/S-H,High Density Residential Senior Housing Overlay,R-25,S;H,auto,
2696,Berkeley,C-N(H,Neighborhood Commercial Hillside Overlay,C-N,H,auto,
2696,Berkeley,C-NS(H,North Shattuck Commercial Hillside Overlay,C-NS,H,auto,
2696,Berkeley,R-1H,Single Family Residential Hillside Overlay,R-1,H,auto,
2696,Berkeley,R-2AH,Restricted Multiple Family Residential Hillside Overlay,R-2A,H,auto,
2696,Berkeley,R-2H,Restricted Two Family Residential Hillside Overlay,R-2,H,auto,
2696,Berkeley,R-3H,Multiple Family Residential Hillside Overlay,R-3,H,auto,
2696,Berkeley,R-4H,Multifamily Residential Hillside Overlay,R-4,H,auto,
2696,Berkeley,R-5H,High Density Residential Hillside Overlay,R-5,H,auto,
2696,Berkeley,R-SH,Residential Southside Hillside Overlay,R-S,H,auto,
1530,East Palo Alto,I-FO,Industrial Flex Overlay,,,auto,Overlay in description but no base code found; curate
1499,Foster City,C-M/PD/SHO,Commercial Mix Planned Development Senior Housing Overlay District,C-M/PD,SHO,auto,
1499,Foster City,R-3/PD/AHO,Medium Density Residence Planned Development Affordable Housing Overlay,R-3/PD,AHO,auto,
1499,Foster City,R-4/PD/AHO,High Density Residence Planned Development Affordable Housing Overlay,R-4/PD,AHO,auto,
1499,Foster City,R-4/PD/AHO/BRHO,High Density Residence Planned Development Affordable Housing By Right Housing Overlay,R-4/PD,AHO;BRHO,auto,
1500,Fremont,C-G-H-I,Commercial General Hillside Combining District,C-G,H;I,auto,
1500,Fremont,C-G-HOD,Commercial General Historical Overlay District,C-G,HOD,auto,
1500,Fremont,C-G-HOD/H-I,Commercial General Historical Overlay And Hillside Combining District,C-G,HOD;H;I,auto,
1500,Fremont,C-G-I,Commercial General Irvington Overlay District,C-G,I,auto,
1500,Fremont,C-N-HOD/H-I,Commercial Neighborhood Historical Overlay And Hillside Combining District,C-N,HOD;H;I,auto,
1500,Fremont,C-O-H-I,Commercial Office Hillside Combining District,C-O,H;I,auto,
1500,Fremont,MX-I,Mixed Use Irvington Overlay District,MX,I,auto,
1500,Fremont,OS-HOD,Open Space Historical Overlay District,OS,HOD,auto,
1500,Fremont,OS-I,Open Space Irvington Overlay District,OS,I,auto,
1500,Fremont,OS-Q,Open Space Quarry Combining District,OS,Q,auto,
1500,Fremont,P-2001-33-HOD,Planned 2001 33 Historical Overlay District,P-2001-33,HOD,auto,
1500,Fremont,P-2001-34-HOD,Planned 2001 34 Historical Overlay District,P-2001-34,HOD,auto,
1500,Fremont,P-2002-63-HOD,Planned 2002 63 Historical Overlay District,P-2002-63,HOD,auto,
1500,Fremont,P-2003-266-HOD,Planned 2003 266 Historical Overlay District,P-2003-266,HOD,auto,
1500,Fremont,P-2004-196-HOD,Planned 2004 196 Historical Overlay District,P-2004-196,HOD,auto,
1500,Fremont,P-2004-307-I,Planned District 2004 307 Irvington Overlay,P-2004-307,I,auto,
1500,Fremont,P-2004-92-I,Planned District 2004 92 Irvington Overlay,P-2004-92,I,auto,
1500,Fremont,P-2005-187-HOD,Planned 2005 187 Historical Overlay District,P-2005-187,HOD,auto,
1500,Fremont,P-2005-239-HOD,Planned 2005 239 Historical Overlay District,P-2005-239,HOD,auto,
1500,Fremont,P-2006-344-HOD,Planned 2006 344 Historical Overlay District,P-2006-344,HOD,auto,
1500,Fremont,P-2007-207-HOD,Planned 2007 207 Historical Overlay District,P-2007-207,HOD,auto,
1500,Fremont,P-2007-229-I,Planned District 2007 229 Irvington Overlay,P-2007-229,I,auto,
1500,Fremont,P-2011-232-HOD,Planned 2011 232 Historical Overlay District,P-2011-232,HOD,auto,
1500,Fremont,P-2013-126-Q,Planned 2013 126 Quarry Combining District,P-2013-126,Q,auto,
1500,Fremont,P-2013-189-HOD,Planned 2013 189 Historical Overlay District,P-2013-189,HOD,auto,
1500,Fremont,P-2013-267-I,Planned District 2013 267 Irvington Overlay,P-2013-267,I,auto,
1500,Fremont,P-2014-230-HOD,Planned 2014 230 Historical Overlay District,P-2014-230,HOD,auto,
1500,Fremont,P-2014-323-HOD,Planned 2014 323 Historical Overlay District,P-2014-323,HOD,auto,
1500,Fremont,P-70-4-HOD,Planned 70 4 Historical Overlay District,P-70-4,HOD,auto,
1500,Fremont,P-71-3-HOD,Planned 71 3 Historical Overlay District,P-71-3,HOD,auto,
1500,Fremont,P-72-2-HOD,Planned 72 2 Historical Overlay District,P-72-2,HOD,auto,
1500,Fremont,P-79-17-HOD,Planned 79 17 Historical Overlay District,P-79-17,HOD,auto,
1500,Fremont,P-80-7-HOD,Planned 80 7 Historical Overlay District,P-80-7,HOD,auto,
1500,Fremont,P-81-14-HOD,Planned 81 14 Historical Overlay District,P-81-14,HOD,auto,
1500,Fremont,P-81-15I,Planned 81 15 Irvington Overlay District,P-81-15,I,auto,
1500,Fremont,P-81-15Q,Planned 81 15 Quarry Combining District,P-81-15,Q,auto,
1500,Fremont,P-83-1-HOD,Planned 83 1 Historical Overlay District,P-83-1,HOD,auto,
1500,Fremont,P-83-14-Q,Planned 83 14 Quarry Combining District,P-83-14,Q,auto,
1500,Fremont,P-85-23-HOD,Planned 85 23 Historical Overlay District,P-85-23,HOD,auto,
1500,Fremont,P-86-1-HOD,Planned 86 1 Historical Overlay District,P-86-1,HOD,auto,
1500,Fremont,P-86-11-HOD,Planned 86 11 Historical Overlay District,P-86-11,HOD,auto,
1500,Fremont,P-86-3-HOD,Planned 86 3 Historical Overlay District,P-86-3,HOD,auto,
1500,Fremont,P-87-17-HOD,Planned 87 17 Historical Overlay District,P-87-17,HOD,auto,
1500,Fremont,P-87-23-HOD,Planned 87 23 Historical Overlay District,P-87-23,HOD,auto,
1500,Fremont,P-87-7-HOD,Planned 87 7 Historical Overlay District,P-87-7,HOD,auto,
1500,Fremont,P-88-3-HOD,Planned 88 3 Historical Overlay District,P-88-3,HOD,auto,
1500,Fremont,P-89-13-HOD,Planned 89 13 Historical Overlay District,P-89-13,HOD,auto,
1500,Fremont,P-89-8-HOD,Planned 89 8 Historical Overlay District,P-89-8,HOD,auto,
1500,Fremont,P-90-11-HOD,Planned 90 11 Historical Overlay District,P-90-11,HOD,auto,
1500,Fremont,P-90-5-HOD,Planned 90 5 Historical Overlay District,P-90-5,HOD,auto,
1500,Fremont,P-96-1-HOD,Planned 96 1 Historical Overlay District,P-96-1,HOD,auto,
1500,Fremont,P-96-12-HOD,Planned 96 12 Historical Overlay District,P-96-12,HOD,auto,
1500,Fremont,P-97-4-HOD,Planned 97 4 Historical Overlay District,P-97-4,HOD,auto,
1500,Fremont,P-HOD,Planned Historical Overlay District,P,HOD,auto,
1500,Fremont,P-Q,Planned Quarry Combining District,P,Q,auto,
1500,Fremont,PF-H-I,Public Facilities Hillside Combining District,PF,H;I,auto,
1500,Fremont,PF-HOD,Public Facilities Historical Overlay District,PF,HOD,auto,
1500,Fremont,PF-HOD/H-I,Public Facilities Historical Overlay And Hillside Combining District,PF,HOD;H;I,auto,
1500,Fremont,PF-I,Public Facilities Irvington Overlay District,PF,I,auto,
1500,Fremont,PF-Q/H-I,Public Facilities Quarry And Hillside Combining District,PF,Q;H;I,auto,
1500,Fremont,R-1-10-H-I,Single Family Residence 1500 Square Feet Hillside Combining District,R-1-10,H;I,auto,
1500,Fremont,R-1-10-HOD/H-I,Single Family Residence 1500 Square Feet Historical Overlay And Hillside Combining District,R-1-10,HOD;H;I,auto,
1500,Fremont,R-1-20-H-I,Single Family Residence 3000 Square Feet Hillside Combining District,R-1-20,H;I,auto,Base code not in Regrid on its own; split on known overlay tokens; review
1500,Fremont,R-1-20-HOD/H-I,Single Family Residence 3000 Square Feet Historical Overlay And Hillside Combining District,R-1-20,HOD;H;I,auto,Base code not in Regrid on its own; split on known overlay tokens; review
1500,Fremont,R-1-40-H-I,Single Family Residence 6000 Square Feet Hillside Combining District,R-1-40,H;I,auto,
1500,Fremont,R-1-40-HOD/H-I,Single Family Residence 6000 Square Feet Historical Overlay And Hillside Combining District,R-1-40,HOD;H;I,auto,
1500,Fremont,R-1-6-H-I,Single Family Residence 1000 Square Feet Hillside Combining District,R-1-6,H;I,auto,
1500,Fremont,R-1-6-HOD,Single Family Residence 1000 Square Feet Historical Overlay District,R-1-6,HOD,auto,
1500,Fremont,R-1-6-HOD/H-I,Single Family Residence 1000 Square Feet Historical Overlay And Hillside Combining District,R-1-6,HOD;H;I,auto,
1500,Fremont,R-1-8-H-I,Single Family Residence 1250 Square Feet Hillside Combining District,R-1-8,H;I,auto,
1500,Fremont,R-1-8-H-I/MP,Single Family Residence 1250 Square Feet Hillside Combining And Mission Palms District,R-1-8,H;I;MP,auto,
1500,Fremont,R-1-8-HOD,Single Family Residence 1250 Square Feet Historical Overlay District,R-1-8,HOD,auto,
1500,Fremont,R-1-8-HOD/H-I,Single Family Residence 1250 Square Feet Historical Overlay And Hillside Combining District,R-1-8,HOD;H;I,auto,
1500,Fremont,R-1-8-HOD/H-I/MP,Single Family Residence 1250 Square Feet Historical Overlay Hillside Combining And Mission Palms District,R-1-8,HOD;H;I;MP,auto,
1500,Fremont,R-1-X-5-H-I,Single Family Residence X Hillside Combining District,R-1-X-5,H;I,auto,Base code not in Regrid on its own; split on known overlay tokens; review
1500,Fremont,R-1-X-6-H-I,Single Family Residence X Hillside Combining District,R-1-X-6,H;I,auto,
1500,Fremont,R-1-X-6.5-H-I,Single Family Residence X Hillside Combining District,R-1-X-6.5,H;I,auto,
1500,Fremont,R-1-X-6.5-HOD/H-I,Single Family Residence X Historical Overlay And Hillside Combining District,R-1-X-6.5,HOD;H;I,auto,
1500,Fremont,R-1-X-7.5-H-I,Single Family Residence X Hillside Combining District,R-1-X-7.5,H;I,auto,Base code not in Regrid on its own; split on known overlay tokens; review
1500,Fremont,R-1-X-8.5-H-I,Single Family Residence X Hillside Combining District,R-1-X-8.5,H;I,auto,Base code not in Regrid on its own; split on known overlay tokens; review
1500,Fremont,R-2-H-I,One And Two Family Residence Hillside Combining District,R-2,H;I,auto,
1500,Fremont,R-2-HOD,One And Two Family Residence Historical Overlay District,R-2,HOD,auto,
1500,Fremont,R-2-HOD/H-I,One And Two Family Residence Historical Overlay Hillside Combining District,R-2,HOD;H;I,auto,
1500,Fremont,R-3-11-HOD/H-I,Multifamily Residence Historical Overlay And Hillside Combining District,R-3-11,HOD;H;I,auto,
1500,Fremont,R-3-14-H-I,Multifamily Residence Hillside Combining District,R-3-14,H;I,auto,
1500,Fremont,R-3-14-HOD,Multifamily Residence Historical Overlay District,R-3-14,HOD,auto,
1500,Fremont,R-3-14-HOD/H-I,Multifamily Residence Historical Overlay And Hillside Combining District,R-3-14,HOD;H;I,auto,
1500,Fremont,R-3-18-HOD,Multifamily Residence Historical Overlay District,R-3-18,HOD,auto,
1500,Fremont,R-G-24-HOD/H-I,Garden Apartment Residence Historical Overlay And Hillside Combining District,R-G-24,HOD;H;I,auto,
1500,Fremont,R-G-29-H-I,Garden Apartment Residence Hillside Combining District,R-G-29,H;I,auto,
1500,Fremont,R-G-29-HOD/H-I,Garden Apartment Residence Historical Overlay And Hillside Combining District,R-G-29,HOD;H;I,auto,
1500,Fremont,R-G-X-17.9-HOD/H-I,Garden Apartment Residence X Historical Overlay And Hillside Combining District,R-G-X-17.9,HOD;H;I,auto,Base code not in Regrid on its own; split on known overlay tokens; review
1500,Fremont,TC-P-HOD,Town Center Pedestrian Historical Overlay District,TC-P,HOD,auto,
1500,Fremont,TC-P-HOD/H-I,Town Center Pedestrian Historical Overlay And Hillside Combining District,TC-P,HOD;H;I,auto,
1500,Fremont,TC-P-I,Town Center Pedestrian Irvington Overlay District,TC-P,I,auto,
1500,Fremont,TC-T-I,Town Center Transitional Irvington Overlay District,TC-T,I,auto,
808,Hayward,AB10A,Agricultural Special Lot Standards Combining,A,B10A,auto,
808,Hayward,AB160A,Agricultural Special Lot Standards Combining,A,B160A,auto,
808,Hayward,CBB20,Central Business Special Lot Standards Combining,CB,B20,auto,
808,Hayward,RHB7,High Density Residential Special Lot Standards Combining,RH,B7,auto,
808,Hayward,RLB10,Low Density Residential Special Lot Standards Combining,RL,B10,auto,
808,Hayward,RLB20,Low Density Residential Special Lot Standards Combining,RL,B20,auto,
808,Hayward,RLB4,Low Density Residential Special Lot Standards Combining,RL,B4,auto,
808,Hayward,RLB40,Low Density Residential Special Lot Standards Combining,RL,B40,auto,
808,Hayward,RLB6,Low Density Residential Special Lot Standards Combining,RL,B6,auto,
808,Hayward,RLB8,Low Density Residential Special Lot Standards Combining,RL,B8,auto,
808,Hayward,RMB3.5,Medium Density Residential Special Lot Standards Combining,RM,B3.5,auto,
808,Hayward,RMB4,Medium Density Residential Special Lot Standards Combining,RM,B4,auto,
1506,Los Gatos,C-1(HEOZ,Neighborhood Commercial Housing Element Overlay Zone,C-1,HEOZ,auto,
1506,Los Gatos,C-2(HEOZ,Central Business Housing Element Overlay Zone,C-2,HEOZ,auto,
1506,Los Gatos,CH(HEOZ,Restricted Commercial Highway Housing Element Overlay Zone,CH,HEOZ,auto,
1506,Los Gatos,CH(PD (HEOZ,Restricted Commercial Planned Development Housing Element Overlay Zone,CH(PD,HEOZ,auto,
1506,Los Gatos,CM(HEOZ,Controlled Manufacturing Housing Element Overlay Zone,CM,HEOZ,auto,
1506,Los Gatos,NFSP(HEOZ,North Forty Specific Plan Housing Element Overlay Zone,NFSP,HEOZ,auto,
1506,Los Gatos,R-1-8(HEOZ,Single Family Residential Housing Element Overlay Zone,R-1-8,HEOZ,auto,
1506,Los Gatos,R-M-5-12(HEOZ,Multi Family Residential Housing Element Overlay Zone,R-M-5-12,HEOZ,auto,
1534,Marin County Unincorporated,A2-B1,Agriculture Limited Minimum Lot Size Combining District,A2,B1,auto,
1534,Marin County Unincorporated,A2-B2,Agriculture Limited Minimum Lot Size Combining District,A2,B2,auto,
1534,Marin County Unincorporated,A2-B2-HOD,Agriculture Limited And Housing Overlay Designation Minimum Lot Size Combining District,A2,B2;HOD,auto,
1534,Marin County Unincorporated,A2-B3,Agriculture Limited Minimum Lot Size Combining District,A2,B3,auto,
1534,Marin County Unincorporated,A2-B4,Agriculture Limited Minimum Lot Size Combining District,A2,B4,auto,
1534,Marin County Unincorporated,A2-B4-HOD,Agriculture Limited And Housing Overlay Designation Minimum Lot Size Combining District,A2,B4;HOD,auto,
1534,Marin County Unincorporated,A2-B6,Agriculture Limited Minimum Lot Size Combining District,A2,B6,auto,
1534,Marin County Unincorporated,A2-HOD,Agriculture Limited And Housing Overlay Designation,A2,HOD,auto,
1534,Marin County Unincorporated,A60-HOD,Agriculture And Conservation Housing Overlay Designation,A60,HOD,auto,
1534,Marin County Unincorporated,AP-HOD,Admin And Professional Housing Overlay Designation,AP,HOD,auto,
1534,Marin County Unincorporated,ARP-2-HOD,Agriculture Residential Planned And Housing Overlay Designation,ARP-2,HOD,auto,
1534,Marin County Unincorporated,ARP-60-HOD,Agriculture Residential Planned And Housing Overlay Designation,ARP-60,HOD,auto,
1534,Marin County Unincorporated,C-R1-B2,Coastal Residential Single Family Minimum Lot Size Combining District,C-R1,B2,auto,
1534,Marin County Unincorporated,C-R1-B3,Coastal Residential Single Family Minimum Lot Size Combining District,C-R1,B3,auto,
1534,Marin County Unincorporated,C-R1-B4,Coastal Residential Single Family Minimum Lot Size Combining District,C-R1,B4,auto,
1534,Marin County Unincorporated,C-R1-B5,Coastal Residential Single Family Minimum Lot Size Combining District,C-R1,B5,auto,
1534,Marin County Unincorporated,C-RA-B2,Coastal Residential Agriculture Minimum Lot Size Combining District,C-RA,B2,auto,Base code not in Regrid on its own; split on known overlay tokens; review
1534,Marin County Unincorporated,C-RA-B3,Coastal Residential Agriculture Minimum Lot Size Combining District,C-RA,B3,auto,Base code not in Regrid on its own; split on known overlay tokens; review
1534,Marin County Unincorporated,C-RA-B4,Coastal Residential Agriculture Minimum Lot Size Combining District,C-RA,B4,auto,Base code not in Regrid on its own; split on known overlay tokens; review
1534,Marin County Unincorporated,C-RA-B5,Coastal Residential Agriculture Minimum Lot Size Combining District,C-RA,B5,auto,Base code not in Regrid on its own; split on known overlay tokens; review
1534,Marin County Unincorporated,C-RA-B6,Coastal Residential Agriculture Minimum Lot Size Combining District,C-RA,B6,auto,Base code not in Regrid on its own; split on known overlay tokens; review
1534,Marin County Unincorporated,C-VCR-B1,Coastal Village Commercial Residential Minimum Lot Size Combining District,C-VCR,B1,auto,
1534,Marin County Unincorporated,C-VCR-B2,Coastal Village Commercial Residential Minimum Lot Size Combining District,C-VCR,B2,auto,
1534,Marin County Unincorporated,C-VCR-B4,Coastal Village Commercial Residential Minimum Lot Size Combining District,C-VCR,B4,auto,
1534,Marin County Unincorporated,C1-HOD,Retail Business And Housing Overlay Designation,C1,HOD,auto,
1534,Marin County Unincorporated,CP-HOD,Planned Commercial And Housing Overlay Designation,CP,HOD,auto,
1534,Marin County Unincorporated,CP-SGV-HOD,Planned Commercial San Geronimo Valley And Housing Overlay Designation,CP-SGV,HOD,auto,
1534,Marin County Unincorporated,H1-HOD,Limited Roadside Business And Housing Overlay Designation,H1,HOD,auto,
1534,Marin County Unincorporated,H1-SGV-HOD,Limited Roadside Business And Housing Overlay Designation,H1-SGV,HOD,auto,
1534,Marin County Unincorporated,OA-HOD,Open Area And Housing Overlay Designation,OA,HOD,auto,
1534,Marin County Unincorporated,PF-HOD,Public Facilities And Housing Overlay Designation,PF,HOD,auto,
1534,Marin County Unincorporated,PF-OA-HOD,Public Facilities Open Area And Housing Overlay Designation,PF,OA;HOD,auto,
1534,Marin County Unincorporated,PF-RSP-4.36-HOD,Public Facilities Residential Single Family Planned And Housing Overlay Designation,PF-RSP-4.36,HOD,auto,
1534,Marin County Unincorporated,PF-RSP-5.8-HOD,Public Facilities Residential Single Family Planned And Housing Overlay Designation,PF-RSP-5.8,HOD,auto,
1534,Marin County Unincorporated,R1-B-LV,Residential Single Family Minimum Lot Size Combining District,R1,B;LV,auto,
1534,Marin County Unincorporated,R1-B1,Residential Single Family Minimum Lot Size Combining District,R1,B1,auto,
1534,Marin County Unincorporated,R1-B2,Residential Single Family Minimum Lot Size Combining District,R1,B2,auto,
1534,Marin County Unincorporated,R1-B2-HOD,Residential Single Family And Housing Overlay Designation Minimum Lot Size Combining District,R1,B2;HOD,auto,
1534,Marin County Unincorporated,R1-B2-SGV,Residential Single Family And San Geronimo Valley Minimum Lot Size Combining District,R1,B2;SGV,auto,
1534,Marin County Unincorporated,R1-B2-SGV-HOD,Residential Single Family And San Geronimo Valley Housing Overlay Designation Minimum Lot Size Combining District,R1,B2;SGV;HOD,auto,
1534,Marin County Unincorporated,R1-B3,Residential Single Family Minimum Lot Size Combining District,R1,B3,auto,
1534,Marin County Unincorporated,R1-B3-SGV,Residential Single Family And San Geronimo Valley Minimum Lot Size Combining District,R1,B3;SGV,auto,
1534,Marin County Unincorporated,R1-B3-SGV-HOD,Residential Single Family And San Geronimo Valley Housing Overlay Designation Minimum Lot Size Combining District,R1,B3;SGV;HOD,auto,
1534,Marin County Unincorporated,R1-B4,Residential Single Family Minimum Lot Size Combining District,R1,B4,auto,
1534,Marin County Unincorporated,R1-B4-SGV,Residential Single Family And San Geronimo Valley Minimum Lot Size Combining District,R1,B4;SGV,auto,
1534,Marin County Unincorporated,R1-HOD,Residential Single Family And Housing Overlay Designation,R1,HOD,auto,
1534,Marin County Unincorporated,R2-HOD,Residential Two Family And Housing Overlay Designation,R2,HOD,auto,
1534,Marin County Unincorporated,RA-B1,Residential Agriculture Minimum Lot Size Combining District,RA,B1,auto,
1534,Marin County Unincorporated,RA-B1-HOD,Residential Agriculture And Housing Overlay Designation Minimum Lot Size Combining District,RA,B1;HOD,auto,
1534,Marin County Unincorporated,RA-B2,Residential Agriculture Minimum Lot Size Combining District,RA,B2,auto,
1534,Marin County Unincorporated,RA-B4,Residential Agriculture Minimum Lot Size Combining District,RA,B4,auto,
1534,Marin County Unincorporated,RA-B4-SGV,Residential Agriculture And San Geronimo Valley Minimum Lot Size Combining District,RA,B4;SGV,auto,
1534,Marin County Unincorporated,RA-B4-SGV-HOD,Residential Agriculture And San Geronimo Valley Housing Overlay Designation Minimum Lot Size Combining District,RA,B4;SGV;HOD,auto,
1534,Marin County Unincorporated,RA-HOD,Residential Agriculture And Housing Overlay Designation,RA,HOD,auto,
1534,Marin County Unincorporated,RCR-BFC-HOD,Resort And Commercial Recreation Bayfront Conservation Housing Overlay Designation,RCR-BFC,HOD,auto,
1534,Marin County Unincorporated,RE-B3,Residential Estate Minimum Lot Size Combining District,RE,B3,auto,Base code not in Regrid on its own; split on known overlay tokens; review
1534,Marin County Unincorporated,RMP-0.1-HOD,Residential Multiple Planned And Housing Overlay Designation,RMP-0.1,HOD,auto,
1534,Marin County Unincorporated,RMP-0.2-HOD,Residential Multiple Planned And Housing Overlay Designation,RMP-0.2,HOD,auto,
1534,Marin County Unincorporated,RMP-0.5-HOD,Residential Multiple Planned And Housing Overlay Designation,RMP-0.5,HOD,auto,
1534,Marin County Unincorporated,RMP-1-HOD,Residential Multiple Planned And Housing Overlay Designation,RMP-1,HOD,auto,
1534,Marin County Unincorporated,RMP-1.0-HOD,Residential Multiple Planned And Housing Overlay Designation,RMP-1.0,HOD,auto,
1534,Marin County Unincorporated,RMP-12.1-HOD,Residential Multiple Planned And Housing Overlay Designation,RMP-12.1,HOD,auto,
1534,Marin County Unincorporated,RMP-12.45-HOD,Residential Multiple Planned And Housing Overlay Designation,RMP-12.45,HOD,auto,
1534,Marin County Unincorporated,RMP-34-HOD,Residential Multiple Planned And Housing Overlay Designation,RMP-34,HOD,auto,
1534,Marin County Unincorporated,RMP-6-HOD,Residential Multiple Planned And Housing Overlay Designation,RMP-6,HOD,auto,
1534,Marin County Unincorporated,RMPC-HOD,Residential Commercial Multiple Planned And Housing Overlay Designation,RMPC,HOD,auto,
1534,Marin County Unincorporated,RR-B2,Residential Restricted Minimum Lot Size Combining District,RR,B2,auto,Base code not in Regrid on its own; split on known overlay tokens; review
1534,Marin County Unincorporated,RR-B3,Residential Restricted Minimum Lot Size Combining District,RR,B3,auto,Base code not in Regrid on its own; split on known overlay tokens; review
1534,Marin County Unincorporated,RSP-4-HOD,Residential Single Family Planned And Housing Overlay Designation,RSP-4,HOD,auto,
1534,Marin County Unincorporated,VCR-SGV-HOD,Village Commercial Residential San Geronimo Valley And Housing Overlay Designation,VCR-SGV,HOD,auto,
1507,Menlo Park,R4S(AHO,High Density Residential District Special Affordable Housing Overlay,R4S,AHO,auto,
3985,Moraga,MR-OD,Moraga Ranch Overlay District,,,auto,Overlay in description but no base code found; curate
1510,Morgan Hill,DGF,Downtown Ground Floor Overlay Zone,,,auto,Overlay in description but no base code found; curate
4832,Pacifica,A/B-5,Agricultural Lot Size Overlay 5,,,auto,Overlay in description but no base code found; curate
4832,Pacifica,R-1/B-1,Single Family Residential Lot Size Overlay 1,R-1,B,auto,
4832,Pacifica,R-1/B-10,Single Family Residential Lot Size Overlay 10,R-1,B,auto,
4832,Pacifica,R-1/B-2,Single Family Residential Lot Size Overlay 2,R-1,B,auto,
4832,Pacifica,R-1/B-3,Single Family Residential Lot Size Overlay 3,R-1,B,auto,
4832,Pacifica,R-1/B-4,Single Family Residential Lot Size Overlay 4,R-1,B,auto,
4832,Pacifica,R-1/B-4-C,Single Family Residential Lot Size Overlay 4 Conditional,R-1,B;C,auto,
4832,Pacifica,R-1/B-5,Single Family Residential Lot Size Overlay 5,R-1,B,auto,
295,Palo Alto,CC-(L,Community Commercial Landscape Combining,CC,L,auto,
2659,Pittsburg,CO-O,Commercial Office Limited Overlay,CO,O,auto,
2659,Pittsburg,CS-D,Service Commercial Downtown Overlay,CS,D,auto,
2659,Pittsburg,CS-O,Service Commercial Limited Overlay,CS,O,auto,
2659,Pittsburg,IG-O,General Industrial Limited Overlay,IG,O,auto,
2659,Pittsburg,IL-O,Limited Industrial Limited Overlay,IL,O,auto,
2659,Pittsburg,IP-O,Industrial Park Limited Overlay,IP,O,auto,
2659,Pittsburg,OS-O,Open Space District Limited Overlay,OS,O,auto,
2659,Pittsburg,RM-D,Medium Density Residential Downtown Overlay,RM,D,auto,
2659,Pittsburg,RM-O,Medium Density Residential Limited Overlay,RM,O,auto,
2659,Pittsburg,RMD-O,Downtown Medium Residential Limited Overlay,RM,D;O,auto,
2659,Pittsburg,RS6-O,Single Family Residential 6000 Limited Overlay,RS6,O,auto,Base code not in Regrid on its own; split on known overlay tokens; review
1514,Pleasanton,PUD-LDR/C/PHS/WO,Planned Unit Development Low Density Residential Commercial Public Health Safety Wildland Overlay,PUD-LDR,C;PHS;WO,auto,
1514,Pleasanton,PUD-MDR/OS/PH-S/WO,Medium Density Residential Open Space Public Health And Safety Wildland Overlay Planned Unit Development,PUD-MDR/OS,PH;S;WO,auto,
1515,Portola Valley,M-R/7.5A/SD-3/DR,Mountainous Residential 7.5 Acres Slope Density And Design Review Combining District,M-R/7.5A/SD-3,DR,auto,Base code not in Regrid on its own; split on known overlay tokens; review
1515,Portola Valley,R-E/2A/SD-1/D-R,Residential Estate 2 Acres Slope Density And Design Review Combining District,R-E/2A/SD-1,D;R,auto,Base code not in Regrid on its own; split on known overlay tokens; review
1515,Portola Valley,R-E/2A/SD-2/D-R,Residential Estate 2 Acres Slope Density And Design Review Combining District,R-E/2A/SD-2,D;R,auto,Base code not in Regrid on its own; split on known overlay tokens; review
1515,Portola Valley,R-E/3.5A/SD-2/D-R,Residential Estate 3.5 Acres Slope Density And Design Review Combining District,R-E/3.5A/SD-2,D;R,auto,
6097,Rohnert Park,I-L/C,Limited Industrial Commercial Overlay,I-L,C,auto,
6097,Rohnert Park,I-L/O,Limited Industrial Office Overlay,I-L,O,auto,
6097,Rohnert Park,R-M/M-H,Medium Density Residential And Mobile Home Overlay,R-M,M;H,auto,
1522,San Mateo,BMSP/H,Bay Meadows Specific Plan And Housing Opportunities Overlay,BMSP,H,auto,
1522,San Mateo,C1-0.5/R4,Neighborhood Commercial Residential Overlay,C1-0.5,R4,auto,
1522,San Mateo,C1-1.5/R4,Neighborhood Commercial Residential Overlay,C1-1.5,R4,auto,
1522,San Mateo,C1-1.5/R4/H,Neighborhood Commercial Residential And Housing Opportunities Overlay,C1-1.5,R4;H,auto,
1522,San Mateo,C1-2/R,Neighborhood Commercial Residential Overlay,C1-2,R,auto,
1522,San Mateo,C1-2/R5,Neighborhood Commercial Residential Overlay,C1-2,R5,auto,
1522,San Mateo,C1-3/R5,Neighborhood Commercial Residential Overlay,C1-3,R5,auto,Base code not in Regrid on its own; split on known overlay tokens; review
1522,San Mateo,C2-0.62/R,Regional Community Commercial Residential Overlay,C2-0.62,R,auto,
1522,San Mateo,C2-1/R4,Regional Community Commercial Residential Overlay,C2-1,R4,auto,
1522,San Mateo,C2-2/R4,Regional Community Commercial Residential Overlay,C2-2,R4,auto,
1522,San Mateo,C3-1/R,Regional Community Commercial Residential Overlay,C3-1,R,auto,
1522,San Mateo,C3-1/R4,Regional Community Commercial Residential Overlay,C3-1,R4,auto,
1522,San Mateo,C3-1/R4/H,Regional Community Commercial Residential And Housing Opportunities Overlay,C3-1,R4;H,auto,
1522,San Mateo,C3-1/R4/SC,Regional Community Commercial Residential Senior Citizen Overlay,C3-1,R4;SC,auto,
1522,San Mateo,CBD/R,Central Business Residential Overlay,CBD,R,auto,
1522,San Mateo,CBD/R/H,Central Business Residential And Housing Opportunities Overlay,CBD,R;H,auto,
1522,San Mateo,E1-0.62/R,Executive Park Residential Overlay,E1-0.62,R,auto,
1522,San Mateo,E1-1/R4,Executive Park Residential Overlay,E1-1,R4,auto,
1522,San Mateo,E1-1/R4/H,Executive Park Residential And Housing Opportunities Overlay,E1-1,R4;H,auto,
1522,San Mateo,E2-0.5/R,Executive Offices Residential Overlay,E2-0.5,R,auto,Base code not in Regrid on its own; split on known overlay tokens; review
1522,San Mateo,E2-0.5/R/H,Executive Offices Residential And Housing Opportunities Overlay,E2-0.5,R;H,auto,
1522,San Mateo,E2-0.5/R/SC,Executive Offices Residential Senior Citizen Overlay,E2-0.5,R;SC,auto,
1522,San Mateo,E2-0.5/R5,Executive Offices Residential Overlay,E2-0.5,R5,auto,Base code not in Regrid on its own; split on known overlay tokens; review
1522,San Mateo,E2-1.5/H,Executive Offices And Housing Opportunities Overlay,E2-1.5,H,auto,
1522,San Mateo,E2-1/R4,Executive Offices Residential Overlay,E2-1,R4,auto,
1522,San Mateo,E2-2/R5,Executive Offices Residential Overlay,E2-2,R5,auto,
1522,San Mateo,E2-2/R5/SC,Executive Offices Residential Senior Citizen Overlay,E2-2,R5;SC,auto,
1522,San Mateo,R4/H,Multiple Family Dwellings High Density And Housing Opportunities Overlay,R4,H,auto,
1522,San Mateo,R4/SC,Multiple Family Dwellings High Density Senior Citizen Overlay,R4,SC,auto,
1522,San Mateo,R6-D/SC,Multiple Family Dwellings Downtown Senior Citizen Overlay,R6-D,SC,auto,
1522,San Mateo,TOD/H,Transit Oriented Development And Housing Opportunities Overlay,TOD,H,auto,
3893,San Mateo County Unincorporated,M-1/AO/DR/CD,Light Industrial Airport Overlay Design Review And Coastal Development Districts,M-1,AO;DR;CD,auto,
3893,San Mateo County Unincorporated,R-1/S-17/AO/DR/CD,One Family Residential Airport Overlay Design Review Coastal Development And Residential Density District Number 17,R-1/S-17,AO;DR;CD,auto,Base code not in Regrid on its own; split on known overlay tokens; review
3893,San Mateo County Unincorporated,RM-CZ/AO/DR/CD,Resource Management Coastal Zone Airport Overlay Design Review And Coastal Development Districts,RM,CZ;AO;DR;CD,auto,
3893,San Mateo County Unincorporated,W/AO/DR/CD,Waterfront Airport Overlay Design Review And Coastal Development Districts,W,AO;DR;CD,auto,Base code not in Regrid on its own; split on known overlay tokens; review
1523,San Rafael,DR-C,Duplex Residential And Canalfront Review Overlay District,DR,C,auto,
1523,San Rafael,GC-WO,General Commercial And Wetland Overlay District,GC,WO,auto,
1523,San Rafael,HR1-C,High Density Multi Family Residential And Canalfront Review Overlay District,HR1,C,auto,
1523,San Rafael,M-C,Marine And Canalfront Review Overlay District,M,C,auto,
1523,San Rafael,M-WO-C,Marine And Wetland Canalfront Review Overlay District,M,WO;C,auto,
1523,San Rafael,MR5-WO-C,Medium Density Multi Family Residential And Wetland Canalfront Review Overlay District,MR5,WO;C,auto,
1523,San Rafael,O-C,Office And Canalfront Review Overlay District,O,C,auto,
1523,San Rafael,O-WO,Office And Wetland Overlay District,O,WO,auto,
1523,San Rafael,P/OS-C,Parks Open Space And Canalfront Review Overlay District,P/OS,C,auto,
1523,San Rafael,P/OS-H,Parks Open Space And Hillside Development Overlay District,P/OS,H,auto,
1523,San Rafael,P/OS-WO,Parks Open Space And Wetland Overlay District,P/OS,WO,auto,
1523,San Rafael,P/OS-WO-C,Parks Open Space And Wetland Canalfront Review Overlay District,P/OS,WO;C,auto,
1523,San Rafael,P/QP-WO,Public And Quasi Wetland Overlay District,P/QP,WO,auto,
1523,San Rafael,PD-1255-WO,Planned Development And Wetland Overlay District,PD-1255,WO,auto,
1523,San Rafael,PD-1308-C,Planned Development And Canalfront Review Overlay District,PD-1308,C,auto,
1523,San Rafael,PD-1308-WO-C,Planned Development And Wetland Canalfront Review Overlay District,PD-1308,WO;C,auto,
1523,San Rafael,PD-1393-H,Planned Development And Hillside Overlay District,PD-1393,H,auto,
1523,San Rafael,PD-1397-H,Planned Development And Hillside Overlay District,PD-1397,H,auto,
1523,San Rafael,PD-1448-WO,Planned Development And Wetland Overlay District,PD-1448,WO,auto,
1523,San Rafael,PD-1449-WO,Planned Development And Wetland Overlay District,PD-1449,WO,auto,
1523,San Rafael,PD-1451-WO,Planned Development And Wetland Overlay District,PD-1451,WO,auto,
1523,San Rafael,PD-1476-1478-H,Planned Development And Hillside Overlay District,PD-1476-1478,H,auto,
1523,San Rafael,PD-1581-H,Planned Development And Hillside Overlay District,PD-1581,H,auto,
1523,San Rafael,PD-1626-WO,Planned Development And Wetland Overlay District,PD-1626,WO,auto,
1523,San Rafael,PD-1629-H,Planned Development And Hillside Overlay District,PD-1629,H,auto,
1523,San Rafael,PD-1633-C,Planned Development And Canalfront Review Overlay District,PD-1633,C,auto,
1523,San Rafael,PD-1636-WO,Planned Development And Wetland Overlay District,PD-1636,WO,auto,
1523,San Rafael,PD-1671-WO,Planned Development And Wetland Overlay District,PD-1671,WO,auto,
1523,San Rafael,PD-1712-WO-H,Planned Development And Wetland Hillside Overlay District,PD-1712,WO;H,auto,
1523,San Rafael,PD-1759-H,Planned Development And Hillside Overlay District,PD-1759,H,auto,
1523,San Rafael,PD-1790-H,Planned Development And Hillside Overlay District,PD-1790,H,auto,
1523,San Rafael,PD-1808-H,Planned Development And Hillside Overlay District,PD-1808,H,auto,
1523,San Rafael,PD-1860-WO,Planned Development And Wetland Overlay District,PD-1860,WO,auto,
1523,San Rafael,PD-1905-H,Planned Development And Hillside Overlay District,PD-1905,H,auto,
1523,San Rafael,PD-1909-WO,Planned Development And Wetland Overlay District,PD-1909,WO,auto,
1523,San Rafael,PD-H,Planned Development And Hillside Overlay District,PD,H,auto,
1523,San Rafael,PD-WO,Planned Development And Wetland Overlay District,PD,WO,auto,
1523,San Rafael,R10-C,Single Family Residential And Canalfront Review Overlay District,R10,C,auto,
1523,San Rafael,R10-EA,Single Family Residential Eichler And Alliance Homes Overlay District,R10,EA,auto,
1523,San Rafael,R10-H,Single Family Residential And Hillside Development Overlay District,R10,H,auto,
1523,San Rafael,R10-WO,Single Family Residential And Wetland Overlay District,R10,WO,auto,
1523,San Rafael,R1A-H,Single Family Residential And Hillside Development Overlay District,R1A,H,auto,
1523,San Rafael,R20-C,Single Family Residential And Canalfront Review Overlay District,R20,C,auto,
1523,San Rafael,R20-H,Single Family Residential And Hillside Development Overlay District,R20,H,auto,
1523,San Rafael,R2A-H,Single Family Residential And Hillside Development Overlay District,R2A,H,auto,
1523,San Rafael,R5-C,Single Family Residential And Canalfront Review Overlay District,R5,C,auto,
1523,San Rafael,R5-EA,Single Family Residential Eichler And Alliance Homes Overlay District,R5,EA,auto,
1523,San Rafael,R7.5-C,Single Family Residential And Canalfront Review Overlay District,R7.5,C,auto,
1523,San Rafael,R7.5-EA,Single Family Residential Eichler And Alliance Homes Overlay District,R7.5,EA,auto,
1523,San Rafael,R7.5-H,Single Family Residential And Hillside Development Overlay District,R7.5,H,auto,
1523,San Rafael,W-WO,Water And Wetland Overlay District,W,WO,auto,
218,Santa Clara,DTHT,Downtown Historic Combining,,,auto,Overlay in description but no base code found; curate
218,Santa Clara,MUCCHT,Mixed Use Community Commercial Historic Combining,MUCC,HT,auto,
218,Santa Clara,R1-6LHT,Single Family Residential Historic Combining,R1-6L,HT,auto,
218,Santa Clara,R2HT,Low Density Residential Historic Combining,R2,HT,auto,
1525,Saratoga,HR-AP/OS,Hillside Residential Agricultural Preserve And Open Space Overlay,HR-AP,OS,auto,
1525,Saratoga,ROS-AP/OS,Residential Open Space Agricultural Preserve And Open Space Overlay,ROS-AP,OS,auto,Base code not in Regrid on its own; split on known overlay tokens; review
4922,Solano County Unincorporated,TRA,Travis Reserve Area Overlay,,,auto,Overlay in description but no base code found; curate
1527,Tiburon,NC/AHO,Neighborhood Commercial And Affordable Housing Overlay,NC,AHO,auto,
1527,Tiburon,RMP/AHO,Residential Multiple Planned And Affordable Housing Overlay,RMP,AHO,auto,
1528,Union City,RM-1500-HE,Multi Family Residential Housing Element Overlay,RM-1500,HE,auto,
1528,Union City,RS-6000-H,Single Family Residential Hillside Combining District,RS-6000,H,auto,
