overlay_id,municipality_id,jurisdiction,overlay_code,overlay_name,overlay_type,source_url,notes
1,2654,Alameda County Unincorporated,CA,,,,
2,2654,Alameda County Unincorporated,CBD,,,,
3,2654,Alameda County Unincorporated,SP,,,,
4,2654,Alameda County Unincorporated,AO,,,,
5,2654,Alameda County Unincorporated,CMU,,,,
6,2654,Alameda County Unincorporated,C,,,,
7,2654,Alameda County Unincorporated,R,,,,
8,2654,Alameda County Unincorporated,CN,,,,
9,2654,Alameda County Unincorporated,HO,,,,
10,2654,Alameda County Unincorporated,BE,,,,
11,2654,Alameda County Unincorporated,SU,,,,
12,3314,American Canyon,CS,,,,
13,3314,American Canyon,MHP,,,,
14,2684,Antioch,D,,,,
15,2684,Antioch,S,,,,
16,2684,Antioch,H,,,,
17,2684,Antioch,T,,,,
18,2696,Berkeley,H,,,,
19,1499,Foster City,SHO,,,,
20,1499,Foster City,AHO,,,,
21,1499,Foster City,BRHO,,,,
22,1500,Fremont,H,,,,
23,1500,Fremont,I,,,,
24,1500,Fremont,HOD,,,,
25,1500,Fremont,Q,,,,
26,1500,Fremont,MP,,,,
27,808,Hayward,B10A,,,,
28,808,Hayward,B160A,,,,
29,808,Hayward,B20,,,,
30,808,Hayward,B7,,,,
31,808,Hayward,B10,,,,
32,808,Hayward,B4,,,,
33,808,Hayward,B40,,,,
34,808,Hayward,B6,,,,
35,808,Hayward,B8,,,,
36,808,Hayward,B3.5,,,,
37,1506,Los Gatos,HEOZ,,,,
38,1534,Marin County Unincorporated,B1,,,,
39,1534,Marin County Unincorporated,B2,,,,
40,1534,Marin County Unincorporated,HOD,,,,
41,1534,Marin County Unincorporated,B3,,,,
42,1534,Marin County Unincorporated,B4,,,,
43,1534,Marin County Unincorporated,B6,,,,
44,1534,Marin County Unincorporated,B5,,,,
45,1534,Marin County Unincorporated,OA,,,,
46,1534,Marin County Unincorporated,B,,,,
47,1534,Marin County Unincorporated,LV,,,,
48,1534,Marin County Unincorporated,SGV,,,,
49,1507,Menlo Park,AHO,,,,
50,4832,Pacifica,B,,,,
51,4832,Pacifica,C,,,,
52,295,Palo Alto,L,,,,
53,2659,Pittsburg,O,,,,
54,2659,Pittsburg,D,,,,
55,1514,Pleasanton,C,,,,
56,1514,Pleasanton,PHS,,,,
57,1514,Pleasanton,WO,,,,
58,1514,Pleasanton,PH,,,,
59,1514,Pleasanton,S,,,,
60,1515,Portola Valley,DR,,,,
61,1515,Portola Valley,D,,,,
62,1515,Portola Valley,R,,,,
63,6097,Rohnert Park,C,,,,
64,6097,Rohnert Park,O,,,,
65,6097,Rohnert Park,M,,,,
66,6097,Rohnert Park,H,,,,
67,1522,San Mateo,H,,,,
68,1522,San Mateo,R4,,,,
69,1522,San Mateo,R,,,,
70,1522,San Mateo,R5,,,,
71,1522,San Mateo,SC,,,,
72,3893,San Mateo County Unincorporated,AO,,,,
73,3893,San Mateo County Unincorporated,DR,,,,
74,3893,San Mateo County Unincorporated,CD,,,,
75,3893,San Mateo County Unincorporated,CZ,,,,
76,1523,San Rafael,C,,,,
77,1523,San Rafael,WO,,,,
78,1523,San Rafael,H,,,,
79,1523,San Rafael,EA,,,,
80,218,Santa Clara,HT,,,,
81,1525,Saratoga,OS,,,,
82,1527,Tiburon,AHO,,,,
83,1528,Union City,HE,,,,
84,1528,Union City,H,,,,
