municipality_id,jurisdiction,geoid,is_unincorporated,invalid_geometries,polygons_out,polygons_clipped,acres_removed,review_pieces,review_acres,self_overlap_acres,cross_overlap_acres,pct_boundary_unzoned,codes_not_in_list,open_research_p1,drafted_values,approved_values,retired_code_research,research_rule_violations,codes_out_of_range,codes_density_lot_inconsistent,codes_minus9999_density_mf,codes_with_5555,baseline_date,comparator_date,has_research,baseline_older_than_code,source_last_edit,regrid_zoning_date,pct_regrid_area_covered,accuracy_rating,regrid_likely_stale,parcels_matched,parcels_unmatched,pct_parcels_unmatched,gap_pieces,gap_acres,parcels_in_gaps,overlay_only_polygons,overlay_only_acres,overlay_codes_need_curation,overlay_districts,flags,errors,warnings,qa_status,qa_run_on
1483,Alameda,06001,False,0,865,46,658.0,0,0.0,0.0,0.0,15.7,0,11,0,0,0,0,0,0,6,17,2025-09-25,2025-09-25,False,False,,,,,False,21953,75,0.3,3,1036.3,76,0,,0,0,open_research; minus9999_density_multifamily,0,2,warn,2026-10-03
2654,Alameda County Unincorporated,06001,True,0,2415,241,458.0,8,316.8,0.0,0.0,3.3,0,139,0,0,0,0,0,0,19,113,2025-10-06,2025-10-06,False,False,,,,,False,44100,102,0.2,19,8389.1,134,0,,0,11,clipped_into_other_jurisdiction; open_research; minus9999_density_multifamily,0,3,warn,2026-10-03
1484,Albany,06001,False,0,40,18,11.0,0,0.0,0.0,0.0,13.0,0,14,0,0,0,0,0,0,1,8,2025-09-24,2025-09-24,False,False,,,,,False,5669,64,1.1,5,133.5,61,0,,0,0,open_research; minus9999_density_multifamily; unmatched_parcels; base_zoning_gaps,0,4,warn,2026-10-03
3314,American Canyon,06055,False,0,312,35,18.0,0,0.0,0.0,0.0,13.2,0,0,7,0,0,0,0,1,1,7,2025-09-25,2025-09-25,True,False,,,,,False,5583,7,0.1,2,508.0,9,0,,0,2,density_lot_inconsistent; minus9999_density_multifamily,0,2,warn,2026-10-03
2684,Antioch,06013,False,0,231,33,147.0,0,0.0,0.0,0.0,1.8,0,0,0,0,0,0,0,0,0,6,2025-10-13,2025-10-13,False,False,,,,,False,0,35558,100.0,3,284.7,6,0,,0,4,unmatched_parcels,0,1,warn,2026-10-03
1485,Atherton,06081,False,0,18,14,23.0,0,0.0,0.0,0.0,0.3,0,0,6,0,0,0,0,0,0,0,2025-09-25,2025-09-25,True,False,,,,,False,2605,1,0.0,2,1.3,2,0,,0,0,,0,0,pass,2026-10-03
1486,Belmont,06081,False,0,133,40,73.0,1,54.2,0.0,0.0,0.8,0,30,0,0,0,0,0,0,4,20,2025-09-25,2025-09-25,False,False,,,,,False,8747,3,0.0,2,10.2,4,0,,0,0,clipped_into_other_jurisdiction; open_research; minus9999_density_multifamily,0,3,warn,2026-10-03
1487,Belvedere,06041,False,0,76,19,1091.0,0,0.0,0.0,0.0,19.9,0,14,0,0,0,0,0,0,0,11,2025-02-13,2025-02-13,False,False,,,,,False,1001,1,0.1,1,66.2,18,0,,0,0,open_research,0,1,warn,2026-10-03
4915,Benicia,06095,False,0,632,50,383.0,0,0.0,0.0,0.0,11.1,0,14,0,0,0,0,0,0,3,13,2025-09-24,2025-09-24,False,False,,,,,False,10746,132,1.2,1,896.2,136,0,,0,0,open_research; minus9999_density_multifamily; unmatched_parcels; base_zoning_gaps,0,4,warn,2026-10-03
2696,Berkeley,06001,False,0,1774,90,3.0,0,0.0,0.0,0.0,26.6,0,5,25,0,0,0,0,0,11,20,2025-09-01,2026-02-05,True,True,2026-08-12,2025-09-01,99.9,medium,True,29055,48,0.2,1,1783.6,56,0,,0,1,low_local_agreement; open_research; minus9999_density_multifamily; regrid_likely_stale; baseline_older_than_code,0,5,warn,2026-10-03
2868,Brentwood,06013,False,0,230,39,5.0,0,0.0,0.0,0.0,9.5,0,7,0,0,0,0,0,2,1,53,2025-10-02,2025-10-02,False,False,,,,,False,22572,56,0.2,3,893.0,56,0,,0,0,open_research; density_lot_inconsistent; minus9999_density_multifamily,0,3,warn,2026-10-03
1491,Brisbane,06081,False,0,29,12,114.0,0,0.0,0.0,0.0,9.8,0,21,0,0,0,0,0,0,0,13,2024-05-30,2024-05-30,False,False,,,,,False,2449,1,0.0,2,189.2,2,0,,0,0,open_research,0,1,warn,2026-10-03
1492,Burlingame,06081,False,0,610,40,888.0,0,0.0,0.0,0.0,22.8,0,20,0,0,0,0,0,0,3,19,2024-05-30,2024-05-30,False,False,,,,,False,9177,12,0.1,1,640.2,15,0,,0,0,open_research; minus9999_density_multifamily,0,2,warn,2026-10-03
5473,Calistoga,06055,False,0,176,12,5.0,0,0.0,0.0,0.0,8.9,0,8,0,0,0,0,0,0,3,19,2025-09-26,2025-09-26,False,False,2026-02-13,2025-09-26,99.4,medium,True,1686,7,0.4,1,146.3,7,0,,0,0,low_local_agreement; open_research; minus9999_density_multifamily; regrid_likely_stale,0,4,warn,2026-10-03
449,Campbell,06085,False,0,927,69,2.0,0,0.0,0.0,0.0,22.7,0,38,0,0,0,0,0,0,1,22,2025-09-30,2025-09-30,False,False,,,,,False,12593,35,0.3,2,882.9,42,0,,0,0,open_research; minus9999_density_multifamily,0,2,warn,2026-10-03
3984,Clayton,06013,False,0,48,21,3.0,0,0.0,0.0,0.0,3.3,0,0,0,0,0,0,0,0,0,1,2025-09-26,2025-09-26,False,False,,,,,False,4333,1,0.0,1,73.4,1,0,,0,0,,0,0,pass,2026-10-03
3304,Cloverdale,06097,False,0,87,28,145.0,4,112.3,0.0,0.0,10.1,0,11,0,0,0,0,0,0,0,20,2025-02-13,2025-02-13,False,False,,,,,False,3311,37,1.1,2,168.5,38,0,,0,0,clipped_into_other_jurisdiction; open_research; unmatched_parcels; base_zoning_gaps,0,4,warn,2026-10-03
1493,Colma,06081,False,0,53,11,8.0,0,0.0,0.0,0.0,5.8,0,0,0,0,0,0,0,0,1,2,2024-05-30,2024-05-30,False,False,,,,,False,568,6,1.0,2,69.6,8,0,,0,0,minus9999_density_multifamily,0,1,warn,2026-10-03
2986,Concord,06013,False,0,1893,56,15.0,0,0.0,0.0,0.0,14.0,0,19,0,0,0,0,0,0,1,17,2025-08-21,2026-02-04,False,False,,,,,False,38568,75,0.2,3,2690.0,82,0,,0,0,open_research; minus9999_density_multifamily,0,2,warn,2026-10-03
1532,Contra Costa County Unincorporated,06013,True,0,1025,355,20203.0,5,184.4,0.0,0.0,0.6,0,12,0,0,0,0,0,0,1,13,2025-09-30,2025-09-30,False,False,,,,,False,63611,580,0.9,13,1592.6,624,0,,0,0,clipped_into_other_jurisdiction; open_research; minus9999_density_multifamily,0,3,warn,2026-10-03
1494,Corte Madera,06041,False,0,284,37,864.0,0,0.0,0.0,0.0,16.3,0,9,0,0,0,0,0,0,0,16,2025-02-13,2025-02-13,False,False,,,,,False,3662,5,0.1,2,328.2,43,0,,0,0,open_research; base_zoning_gaps,0,2,warn,2026-10-03
6091,Cotati,06097,False,0,205,26,2.0,0,0.0,0.0,0.0,20.1,0,0,2,0,0,0,0,0,0,0,2025-01-08,2025-01-08,True,False,,,,,False,2822,33,1.2,1,241.4,36,0,,0,0,unmatched_parcels; base_zoning_gaps,0,2,warn,2026-10-03
3325,Cupertino,06085,False,0,447,74,6.0,0,0.0,0.0,0.0,3.8,0,97,0,0,0,0,0,0,4,98,2024-06-05,2024-06-05,False,False,,,,,False,17031,23,0.1,3,257.4,21,0,,0,0,open_research; minus9999_density_multifamily,0,2,warn,2026-10-03
3316,Daly City,06081,False,0,255,61,48.0,0,0.0,0.0,0.0,9.8,0,16,0,0,0,0,0,0,8,64,2024-05-30,2025-11-07,False,False,,,,,False,25803,18,0.1,7,455.1,17,0,,0,0,open_research; minus9999_density_multifamily,0,2,warn,2026-10-03
1495,Danville,06013,False,0,920,57,8.0,0,0.0,0.0,0.0,12.6,0,18,0,0,0,0,0,0,8,34,2025-10-14,2025-11-20,False,False,,,,,False,0,16875,100.0,5,1446.4,101,0,,0,0,open_research; minus9999_density_multifamily; unmatched_parcels,0,3,warn,2026-10-03
3293,Dixon,06095,False,0,85,27,42.0,0,0.0,0.0,0.0,9.7,0,0,2,0,0,0,0,0,0,13,2025-02-04,2025-02-04,True,False,,,,,False,7495,5,0.1,3,436.2,5,0,,0,0,,0,0,pass,2026-10-03
1496,Dublin,06001,False,0,209,30,26.0,0,0.0,0.0,0.0,5.4,0,35,0,0,0,0,0,0,5,20,2025-10-14,2025-10-14,False,False,,,,,False,23706,22,0.1,3,526.4,23,0,,0,0,open_research; minus9999_density_multifamily,0,2,warn,2026-10-03
1530,East Palo Alto,06081,False,0,288,22,33.0,0,0.0,0.0,0.0,20.4,0,13,0,0,0,0,0,0,0,14,2024-05-31,2024-05-31,False,False,,,,,False,5216,20,0.4,1,344.1,40,2,19.0,1,0,open_research; overlay_only_zoning; overlay_needs_curation,0,3,warn,2026-10-03
3981,El Cerrito,06013,False,0,67,24,11.0,0,0.0,0.0,0.0,0.1,0,26,0,0,0,0,0,0,0,11,2025-10-14,2025-11-21,False,False,,,,,False,0,8883,100.0,1,0.6,1,0,,0,0,open_research; unmatched_parcels,0,2,warn,2026-10-03
1497,Emeryville,06001,False,0,118,30,66.0,0,0.0,0.0,0.0,10.8,0,0,11,0,0,0,0,0,0,15,2025-10-13,2025-10-13,True,False,,,,,False,5155,21,0.4,5,78.4,23,0,,0,0,,0,0,pass,2026-10-03
1498,Fairfax,06041,False,0,226,39,56.0,1,27.4,0.0,0.0,15.5,0,12,0,0,0,0,0,0,1,12,2025-03-07,2025-03-07,False,False,,,,,False,3083,12,0.4,5,212.9,39,0,,0,0,clipped_into_other_jurisdiction; open_research; minus9999_density_multifamily; base_zoning_gaps,0,4,warn,2026-10-03
2666,Fairfield,06095,False,0,518,92,114.0,3,50.2,0.0,0.0,2.4,0,32,0,0,0,0,0,0,1,18,2025-08-27,2025-08-27,False,False,,,,,False,35631,22,0.1,11,554.7,28,0,,0,0,clipped_into_other_jurisdiction; open_research; minus9999_density_multifamily,0,3,warn,2026-10-03
1499,Foster City,06081,False,0,235,9,35.0,0,0.0,0.0,0.0,21.5,0,0,0,0,0,0,0,0,0,11,2024-05-30,2024-05-30,False,False,,,,,False,10480,37,0.4,1,581.1,36,0,,0,3,,0,0,pass,2026-10-03
1500,Fremont,06001,False,0,1166,24,7048.0,2,131.7,0.0,0.0,3.3,0,99,0,0,0,0,0,0,24,439,2025-09-18,2025-09-18,False,False,,,,,False,84538,235,0.3,7,1576.3,266,0,,0,5,clipped_into_other_jurisdiction; open_research; minus9999_density_multifamily,0,3,warn,2026-10-03
1501,Gilroy,06085,False,0,226,28,54.0,1,14.0,0.0,0.0,5.9,0,9,0,0,0,0,0,0,4,12,2025-10-02,2025-10-02,False,False,,,,,False,15672,29,0.2,3,576.9,31,0,,0,0,clipped_into_other_jurisdiction; open_research; minus9999_density_multifamily,0,3,warn,2026-10-03
1502,Half Moon Bay,06081,False,0,79,33,41.0,0,0.0,0.0,0.0,1.0,0,12,0,0,0,0,0,0,1,10,2024-05-30,2024-05-30,False,False,,,,,False,6118,1,0.0,1,6.2,1,0,,0,0,open_research; minus9999_density_multifamily,0,2,warn,2026-10-03
808,Hayward,06001,False,0,2011,84,11968.0,0,0.0,0.0,0.0,9.2,0,12,0,0,0,0,0,0,16,49,2025-10-02,2025-10-02,False,False,,,,,False,39639,291,0.7,5,2671.9,326,0,,0,10,open_research; minus9999_density_multifamily,0,2,warn,2026-10-03
6095,Healdsburg,06097,False,0,106,22,6.0,0,0.0,0.0,0.0,4.3,0,12,0,0,0,0,0,0,6,16,2025-09-30,2025-09-30,False,False,,,,,False,4912,7,0.1,6,96.8,10,0,,0,0,open_research; minus9999_density_multifamily,0,2,warn,2026-10-03
3989,Hercules,06013,False,0,71,16,115.0,0,0.0,0.0,0.0,0.8,0,9,0,0,0,0,0,0,0,15,2025-09-30,2025-09-30,False,False,,,,,False,9008,0,0.0,1,0.9,1,0,,0,0,open_research,0,1,warn,2026-10-03
3892,Hillsborough,06081,False,0,12,6,18.0,1,11.4,0.0,0.0,0.6,0,0,10,0,0,0,0,0,1,3,2025-09-30,2025-09-30,True,False,,,,,False,4091,5,0.1,4,5.1,7,0,,0,0,clipped_into_other_jurisdiction; minus9999_density_multifamily,0,2,warn,2026-10-03
2653,Lafayette,06013,False,0,398,41,18.0,0,0.0,0.0,0.0,9.7,0,0,6,0,0,0,0,0,2,8,2025-10-02,2025-10-02,True,False,,,,,False,9356,5,0.1,1,936.1,5,0,,0,0,minus9999_density_multifamily,0,1,warn,2026-10-03
1503,Larkspur,06041,False,0,47,22,145.0,0,0.0,0.0,0.0,1.9,0,0,4,0,0,0,0,0,1,3,2025-02-14,2025-02-14,True,False,,,,,False,4467,0,0.0,4,17.3,6,0,,0,0,minus9999_density_multifamily,0,1,warn,2026-10-03
1504,Livermore,06001,False,0,423,72,139.0,2,89.0,0.0,0.0,0.3,0,11,0,0,0,0,0,0,3,74,2024-08-27,2025-11-24,False,False,,,,,False,31414,0,0.0,2,10.2,25,0,,0,0,clipped_into_other_jurisdiction; open_research; minus9999_density_multifamily,0,3,warn,2026-10-03
1505,Los Altos,06085,False,0,489,38,9.0,0,0.0,0.0,0.0,19.9,0,14,0,0,0,0,0,0,8,14,2025-02-18,2025-02-18,False,False,,,,,False,11333,7,0.1,1,831.0,8,0,,0,0,open_research; minus9999_density_multifamily,0,2,warn,2026-10-03
8903,Los Altos Hills,06085,False,0,92,23,38.0,1,17.7,0.0,0.0,11.6,0,0,3,0,0,0,0,0,1,1,2025-02-18,2025-02-18,True,False,,,,,False,3274,12,0.4,2,666.3,11,0,,0,0,clipped_into_other_jurisdiction; minus9999_density_multifamily,0,2,warn,2026-10-03
1506,Los Gatos,06085,False,0,368,88,31.0,0,0.0,0.0,0.0,4.1,0,13,0,0,0,0,0,0,3,35,2024-06-07,2025-11-07,False,False,,,,,False,11753,37,0.3,6,257.4,42,0,,0,1,open_research; minus9999_density_multifamily,0,2,warn,2026-10-03
1534,Marin County Unincorporated,06041,True,0,2808,397,39575.0,8,155.5,0.0,0.0,2.1,0,102,0,0,0,0,0,0,8,269,2025-02-21,2025-02-21,False,False,2026-06-03,2025-02-21,99.9,high,True,28675,27,0.1,51,4663.2,196,0,,0,11,clipped_into_other_jurisdiction; open_research; minus9999_density_multifamily; regrid_likely_stale,0,4,warn,2026-10-03
3987,Martinez,06013,False,0,278,59,784.0,0,0.0,0.0,0.0,5.0,0,88,0,0,0,0,0,1,25,50,2025-10-06,2025-10-06,False,False,,,,,False,13717,19,0.1,3,358.8,19,0,,0,0,open_research; density_lot_inconsistent; minus9999_density_multifamily,0,3,warn,2026-10-03
1507,Menlo Park,06081,False,0,582,54,5046.0,1,32.0,0.0,0.0,12.3,0,38,0,0,0,0,0,0,8,40,2025-10-06,2025-10-06,False,False,,,,,False,10691,15,0.1,7,762.1,16,0,,0,1,clipped_into_other_jurisdiction; open_research; minus9999_density_multifamily,0,3,warn,2026-10-03
1508,Mill Valley,06041,False,0,598,32,73.0,0,0.0,0.0,0.0,13.6,0,22,0,0,0,0,0,0,5,19,2025-02-13,2025-02-13,False,False,,,,,False,5721,11,0.2,3,402.8,33,0,,0,0,open_research; minus9999_density_multifamily,0,2,warn,2026-10-03
1509,Millbrae,06081,False,0,81,25,20.0,0,0.0,0.0,0.0,2.9,0,14,0,0,0,0,0,0,3,8,2025-10-02,2025-10-02,False,False,,,,,False,6942,0,0.0,0,,0,0,,0,0,open_research; minus9999_density_multifamily,0,2,warn,2026-10-03
660,Milpitas,06085,False,0,869,34,31.0,0,0.0,0.0,0.0,19.6,0,19,0,0,0,0,0,0,1,17,2024-06-07,2025-11-07,False,False,2026-08-13,2024-06-07,100.2,low,True,20875,138,0.7,2,1682.2,145,0,,0,0,low_local_agreement; open_research; minus9999_density_multifamily; regrid_likely_stale,0,4,warn,2026-10-03
1531,Monte Sereno,06085,False,0,16,11,7.0,0,0.0,0.0,0.0,2.3,0,0,3,0,0,0,0,0,0,1,2024-06-05,2026-02-04,True,True,,,,,False,1267,40,3.1,3,11.3,40,0,,0,0,baseline_older_than_code; unmatched_parcels; base_zoning_gaps,0,3,warn,2026-10-03
3985,Moraga,06013,False,0,86,19,9.0,0,0.0,0.0,0.0,0.2,0,32,0,0,0,0,0,0,0,20,2024-06-13,2026-02-04,False,False,,,,,False,6144,0,0.0,2,14.4,5,1,6.4,1,0,open_research; overlay_only_zoning; overlay_needs_curation,0,3,warn,2026-10-03
1510,Morgan Hill,06085,False,0,463,83,30.0,0,0.0,0.0,0.0,6.5,0,14,0,0,0,0,0,0,4,13,2024-06-05,2026-02-04,False,False,,,,,False,14265,32,0.2,5,515.5,72,8,5.3,1,0,open_research; minus9999_density_multifamily; overlay_only_zoning; overlay_needs_curation,0,4,warn,2026-10-03
296,Mountain View,06085,False,0,317,41,45.0,1,24.0,0.0,0.0,6.2,0,145,0,0,0,0,0,0,0,72,2024-06-07,2026-02-04,False,False,,,,,False,20785,40,0.2,3,418.4,48,0,,0,0,clipped_into_other_jurisdiction; open_research,0,2,warn,2026-10-03
1933,Napa,06055,False,0,1657,204,541.0,5,228.5,0.0,0.0,15.9,0,1,12,0,0,0,0,0,3,14,2024-12-06,2026-02-09,True,True,2026-09-19,2024-12-06,98.6,medium,True,25671,62,0.2,4,1538.4,66,0,,0,0,clipped_into_other_jurisdiction; low_local_agreement; open_research; minus9999_density_multifamily; regrid_likely_stale; baseline_older_than_code,0,6,warn,2026-10-03
5474,Napa County Unincorporated,06055,True,0,147,37,4953.0,4,1336.4,0.0,0.0,0.4,0,21,0,0,0,0,0,0,10,21,2024-12-06,2026-02-09,False,False,,,,,False,14801,5,0.0,40,753.2,964,0,,0,0,clipped_into_other_jurisdiction; open_research; minus9999_density_multifamily; base_zoning_gaps,0,4,warn,2026-10-03
1511,Newark,06001,False,0,159,16,127.0,3,96.0,0.0,0.0,1.5,0,8,0,0,0,0,0,0,1,11,2024-08-09,2026-02-04,False,False,,,,,False,17294,9,0.1,3,39.6,9,0,,0,0,clipped_into_other_jurisdiction; open_research; minus9999_density_multifamily,0,3,warn,2026-10-03
1512,Novato,06041,False,0,793,61,346.0,9,277.3,0.0,0.0,10.9,0,43,0,0,0,0,0,0,4,31,2025-02-13,2025-02-13,False,False,,,,,False,18841,71,0.4,13,1729.1,103,0,,0,0,clipped_into_other_jurisdiction; open_research; minus9999_density_multifamily,0,3,warn,2026-10-03
189,Oakland,06001,False,0,1041,121,13980.0,1,10.2,0.0,0.0,0.1,0,45,0,0,0,0,0,0,18,53,2025-08-28,2025-08-28,False,False,2026-07-23,2025-08-28,100.0,high,True,112955,9,0.0,4,16.3,6,0,,0,0,clipped_into_other_jurisdiction; open_research; minus9999_density_multifamily; regrid_likely_stale,0,4,warn,2026-10-03
3982,Oakley,06013,False,0,617,20,148.0,0,0.0,0.0,0.0,12.2,0,10,3,0,0,0,0,1,0,19,2024-06-07,2026-02-09,True,True,,,,,False,14826,31,0.2,1,1243.4,30,0,,0,0,open_research; density_lot_inconsistent; baseline_older_than_code,0,3,warn,2026-10-03
3361,Orinda,06013,False,0,320,41,3.0,0,0.0,0.0,0.0,8.5,0,9,0,0,0,0,0,0,1,13,2024-06-07,2026-02-09,False,False,,,,,False,7731,5,0.1,1,689.3,7,0,,0,0,open_research; minus9999_density_multifamily,0,2,warn,2026-10-03
4832,Pacifica,06081,False,0,225,51,77.0,2,22.2,0.0,0.0,1.0,0,0,10,0,0,0,0,0,0,14,2024-05-30,2024-05-30,True,False,,,,,False,13058,7,0.1,17,3093.3,107,18,3028.0,1,2,clipped_into_other_jurisdiction; overlay_only_zoning; overlay_needs_curation,0,3,warn,2026-10-03
295,Palo Alto,06085,False,0,474,62,424.0,2,84.8,0.0,0.0,1.2,0,76,0,0,0,0,0,0,10,158,2024-06-05,2026-02-11,False,False,,,,,False,21228,2,0.0,6,14.9,8,0,,0,1,clipped_into_other_jurisdiction; open_research; minus9999_density_multifamily,0,3,warn,2026-10-03
4447,Petaluma,06097,False,0,1128,53,45.0,1,32.0,0.0,0.0,16.2,0,7,0,0,0,0,0,0,7,18,2025-04-24,2025-04-24,False,False,,2025-04-24,96.3,high,False,20474,36,0.2,6,1494.3,47,0,,0,0,clipped_into_other_jurisdiction; open_research; minus9999_density_multifamily,0,3,warn,2026-10-03
1513,Piedmont,06001,False,0,27,6,13.0,1,10.3,0.0,0.0,0.5,0,0,6,0,0,0,0,0,1,1,2024-08-09,2026-02-09,True,True,,,,,False,4003,10,0.2,2,3.8,2,0,,0,0,clipped_into_other_jurisdiction; minus9999_density_multifamily; baseline_older_than_code,0,3,warn,2026-10-03
3986,Pinole,06013,False,0,118,33,555.0,0,0.0,0.0,0.0,4.9,0,0,0,0,0,0,0,0,1,0,2024-06-07,2026-02-09,False,False,,,,,False,6689,4,0.1,3,148.0,3,0,,0,0,minus9999_density_multifamily,0,1,warn,2026-10-03
2659,Pittsburg,06013,False,0,184,32,70.0,0,0.0,0.0,0.0,2.9,0,27,0,0,0,0,0,0,0,18,2024-06-07,2026-02-09,False,False,,,,,False,20436,17,0.1,9,282.6,17,0,,0,2,open_research,0,1,warn,2026-10-03
3306,Pleasant Hill,06013,False,0,467,54,3.0,0,0.0,0.0,0.0,19.0,0,6,0,0,0,0,0,0,6,18,2024-06-11,2026-02-09,False,False,,,,,False,11985,23,0.2,2,821.9,24,0,,0,0,open_research; minus9999_density_multifamily,0,2,warn,2026-10-03
1514,Pleasanton,06001,False,0,483,49,434.0,3,413.2,0.0,0.0,8.2,0,0,0,0,0,0,0,0,6,27,2025-09-12,2025-09-12,False,False,,,,,False,24534,169,0.7,3,1251.9,171,0,,0,5,clipped_into_other_jurisdiction; minus9999_density_multifamily,0,2,warn,2026-10-03
1515,Portola Valley,06081,False,0,24,13,25.0,0,0.0,0.0,0.0,0.6,0,32,0,0,0,0,0,0,1,14,2024-05-30,2024-05-30,False,False,,,,,False,1813,0,0.0,1,1.8,1,0,,0,3,open_research; minus9999_density_multifamily,0,2,warn,2026-10-03
1516,Redwood City,06081,False,0,1193,84,11.0,0,0.0,0.0,0.0,61.0,0,54,0,0,0,0,0,0,1,45,2024-05-31,2026-02-11,False,False,,,,,False,22614,269,1.2,7,8577.8,288,0,,0,0,high_unzoned_share; open_research; minus9999_density_multifamily; unmatched_parcels; base_zoning_gaps,0,5,warn,2026-10-03
2702,Richmond,06013,False,0,367,132,198.0,0,0.0,0.0,0.0,6.6,0,17,0,0,0,0,0,1,2,23,2024-06-07,2024-06-07,False,False,,,,,False,33074,76,0.2,8,998.6,53,0,,0,0,open_research; density_lot_inconsistent; minus9999_density_multifamily,0,3,warn,2026-10-03
4916,Rio Vista,06095,False,0,355,20,8.0,0,0.0,0.0,0.0,10.0,0,1,5,0,0,0,0,0,1,4,2023-07-26,2026-02-11,True,True,,,,,False,6005,34,0.6,2,415.6,35,0,,0,0,open_research; minus9999_density_multifamily; baseline_older_than_code,0,3,warn,2026-10-03
6097,Rohnert Park,06097,False,0,440,33,9.0,0,0.0,0.0,0.0,21.3,0,0,2,0,0,0,0,0,0,4,2023-12-01,2026-02-11,True,True,,,,,False,12993,79,0.6,3,990.5,82,0,,0,4,baseline_older_than_code,0,1,warn,2026-10-03
1517,Ross,06041,False,0,83,18,1.0,0,0.0,0.0,0.0,7.7,0,0,0,0,0,0,0,0,0,1,2025-02-13,2025-02-13,False,False,,,,,False,949,1,0.1,2,73.8,6,0,,0,0,,0,0,pass,2026-10-03
5475,Saint Helena,06055,False,0,215,20,7.0,0,0.0,0.0,0.0,9.8,0,5,0,0,0,0,0,0,1,8,2023-10-03,2026-02-11,False,False,,,,,False,2296,19,0.8,3,313.3,21,0,,0,0,open_research; minus9999_density_multifamily,0,2,warn,2026-10-03
1518,San Anselmo,06041,False,0,467,56,17.0,0,0.0,0.0,0.0,15.5,0,8,0,0,0,0,0,0,0,18,2025-02-13,2025-02-13,False,False,2025-02-10,2025-02-13,99.8,high,False,4780,14,0.3,5,260.6,26,0,,0,0,open_research,0,1,warn,2026-10-03
1519,San Bruno,06081,False,0,477,34,6.0,0,0.0,0.0,0.0,25.4,0,12,0,0,0,0,0,0,6,13,2024-05-31,2024-05-31,False,False,,,,,False,12983,9,0.1,1,877.1,10,0,,0,0,open_research; minus9999_density_multifamily,0,2,warn,2026-10-03
1520,San Carlos,06081,False,0,118,38,7.0,0,0.0,0.0,0.0,3.1,0,0,0,0,0,0,0,0,3,3,2024-05-30,2024-05-30,False,False,,,,,False,11817,4,0.0,2,1.1,5,0,,0,0,minus9999_density_multifamily,0,1,warn,2026-10-03
216,San Francisco,06075,False,0,3190,66,17.0,0,0.0,0.0,0.0,1.1,0,344,0,0,0,0,0,0,127,656,2025-08-19,2025-08-19,False,False,,,,,False,227167,164,0.1,13,140.6,197,0,,0,0,open_research; minus9999_density_multifamily,0,2,warn,2026-10-03
148,San Jose,06085,False,0,11760,453,1427.0,11,368.6,0.0,0.0,16.7,0,9,0,0,0,0,0,0,5,16,2025-10-09,2026-02-04,False,False,,2025-10-09,99.3,medium,False,247438,364,0.1,19,18257.1,414,0,,0,0,clipped_into_other_jurisdiction; low_local_agreement; open_research; minus9999_density_multifamily,0,4,warn,2026-10-03
1521,San Leandro,06001,False,0,450,42,28.0,0,0.0,0.0,0.0,3.3,0,63,0,0,0,0,0,0,0,81,2025-10-09,2025-10-09,False,False,,,,,False,25109,10,0.0,4,258.2,11,0,,0,0,open_research,0,1,warn,2026-10-03
1522,San Mateo,06081,False,0,1479,53,1949.0,0,0.0,0.0,0.0,24.0,0,29,0,0,0,0,0,0,6,69,2025-10-09,2025-10-09,False,False,,,,,False,32014,39,0.1,3,1903.4,43,0,,0,5,open_research; minus9999_density_multifamily,0,2,warn,2026-10-03
3893,San Mateo County Unincorporated,06081,True,0,397,130,2966.0,7,154.1,0.0,0.0,0.3,0,171,0,0,0,0,0,0,32,105,2025-10-09,2025-10-09,False,False,,,,,False,24457,10,0.0,20,115.8,70,0,,0,4,clipped_into_other_jurisdiction; open_research; minus9999_density_multifamily,0,3,warn,2026-10-03
3988,San Pablo,06013,False,0,130,15,2.0,0,0.0,0.0,0.0,4.8,0,15,0,0,0,0,0,0,0,13,2025-10-09,2025-10-09,False,False,,,,,False,0,7031,100.0,4,75.8,43,0,,0,0,open_research; unmatched_parcels,0,2,warn,2026-10-03
1523,San Rafael,06041,False,0,1795,132,1317.0,1,13.9,0.0,0.0,12.7,0,10,0,0,0,0,0,0,8,131,2025-02-13,2025-02-13,False,False,,,,,False,17826,20,0.1,5,1321.1,27,0,,0,4,clipped_into_other_jurisdiction; open_research; minus9999_density_multifamily,0,3,warn,2026-10-03
2657,San Ramon,06013,False,0,352,36,832.0,7,783.3,0.0,0.0,13.7,0,27,0,0,0,0,0,0,4,31,2025-10-14,2025-11-24,False,False,,,,,False,0,26455,100.0,1,1637.2,1419,0,,0,0,clipped_into_other_jurisdiction; open_research; minus9999_density_multifamily; unmatched_parcels; base_zoning_gaps,0,5,warn,2026-10-03
218,Santa Clara,06085,False,0,2021,40,5.0,0,0.0,0.0,0.0,21.9,0,14,0,0,0,0,0,0,9,19,2025-09-11,2026-02-05,False,False,,,,,False,30508,205,0.7,1,2559.8,225,1,0.2,1,1,open_research; minus9999_density_multifamily; overlay_only_zoning; overlay_needs_curation,0,4,warn,2026-10-03
1535,Santa Clara County Unincorporated,06085,True,0,1050,461,4698.0,19,765.8,0.0,0.0,0.5,0,39,0,0,0,0,0,0,11,69,2025-10-13,2025-10-13,False,False,,,,,False,27080,23,0.1,43,261.1,76,0,,0,0,clipped_into_other_jurisdiction; open_research; minus9999_density_multifamily,0,3,warn,2026-10-03
2959,Santa Rosa,06097,False,0,4005,293,182.0,4,62.9,0.0,0.0,14.6,0,64,0,0,0,0,0,0,4,567,2025-09-18,2026-02-09,False,False,,,,,False,57070,42,0.1,4,3924.0,61,0,,0,0,clipped_into_other_jurisdiction; open_research; minus9999_density_multifamily,0,3,warn,2026-10-03
1525,Saratoga,06085,False,0,76,19,21.0,0,0.0,0.0,0.0,0.3,0,41,0,0,0,0,0,0,3,22,2025-10-13,2025-10-13,False,False,,,,,False,11495,4,0.0,3,5.6,6,0,,0,1,open_research; minus9999_density_multifamily,0,2,warn,2026-10-03
1526,Sausalito,06041,False,0,74,18,276.0,0,0.0,0.0,0.0,3.3,0,8,0,0,0,0,0,0,0,15,2025-02-13,2025-02-13,False,False,2023-03-29,2025-02-13,75.2,coverage gap,False,3386,4,0.1,2,9.1,4,0,,0,0,low_local_coverage; open_research,0,2,warn,2026-10-03
6098,Sebastopol,06097,False,0,262,43,2.0,0,0.0,0.0,0.0,14.8,0,24,0,0,0,0,0,0,0,16,2025-10-13,2025-11-24,False,False,,,,,False,0,2932,100.0,1,176.4,25,0,,0,0,open_research; unmatched_parcels,0,2,warn,2026-10-03
4922,Solano County Unincorporated,06095,True,0,272,104,35913.0,14,687.9,0.0,0.0,0.2,0,2,4,0,0,0,0,0,3,14,2025-01-15,2025-01-15,True,False,,,,,False,10446,23,0.2,30,233.4,54,0,,1,0,clipped_into_other_jurisdiction; open_research; minus9999_density_multifamily; overlay_needs_curation,0,4,warn,2026-10-03
6099,Sonoma,06097,False,0,89,28,72.0,1,59.1,0.0,0.0,1.0,0,1,1,0,0,0,0,0,0,3,2023-12-01,2026-02-11,True,True,,,,,False,4773,2,0.0,1,1.2,1,0,,0,0,clipped_into_other_jurisdiction; open_research; baseline_older_than_code,0,3,warn,2026-10-03
4506,Sonoma County Unincorporated,06097,True,0,4482,454,1607.0,14,487.9,0.0,0.0,1.8,0,16,0,0,0,0,0,0,1,35,2025-04-24,2025-04-24,False,False,,,,,False,69922,170,0.2,51,14318.8,290,0,,0,0,clipped_into_other_jurisdiction; open_research; minus9999_density_multifamily,0,3,warn,2026-10-03
297,South San Francisco,06081,False,0,967,50,150.0,0,0.0,0.0,0.0,22.1,0,37,0,0,0,0,0,0,2,31,2024-05-31,2024-05-31,False,False,,,,,False,19924,56,0.3,1,1279.7,60,0,,0,0,open_research; minus9999_density_multifamily,0,2,warn,2026-10-03
4917,Suisun City,06095,False,0,85,24,114.0,2,50.9,0.0,0.0,7.3,0,1,0,0,0,0,0,0,0,2,2023-07-26,2023-07-26,False,False,,,,,False,8731,12,0.1,2,184.4,12,0,,0,0,clipped_into_other_jurisdiction; open_research,0,2,warn,2026-10-03
359,Sunnyvale,06085,False,0,1433,46,105.0,2,92.7,0.0,0.0,19.7,0,22,0,0,0,0,0,0,5,22,2024-06-07,2026-02-04,False,False,,,,,False,34350,148,0.4,3,2761.3,154,0,,0,0,clipped_into_other_jurisdiction; open_research; minus9999_density_multifamily,0,3,warn,2026-10-03
1527,Tiburon,06041,False,0,314,60,6949.0,1,31.4,0.0,0.0,10.1,0,8,0,0,0,0,0,0,0,12,2025-02-13,2025-02-13,False,False,2023-03-29,2025-02-13,101.1,high,False,3710,3,0.1,2,278.2,25,0,,0,1,clipped_into_other_jurisdiction; open_research,0,2,warn,2026-10-03
1528,Union City,06001,False,0,902,48,165.0,2,130.3,0.0,0.0,9.9,0,19,0,0,0,0,0,0,9,18,2024-08-27,2026-02-12,False,False,,,,,False,18595,39,0.2,2,1172.1,45,0,,0,2,clipped_into_other_jurisdiction; open_research; minus9999_density_multifamily,0,3,warn,2026-10-03
2664,Vacaville,06095,False,0,1551,63,26.0,0,0.0,0.0,0.0,13.8,0,11,0,0,0,0,0,0,0,36,2025-03-27,2025-03-27,False,False,,,,,False,32280,109,0.3,5,2615.0,119,0,,0,0,open_research,0,1,warn,2026-10-03
2971,Vallejo,06095,False,0,1767,88,3098.0,1,37.5,0.0,0.0,11.5,0,17,0,0,0,0,0,0,0,19,2025-09-01,2025-09-01,False,False,,,,,False,39896,72,0.2,5,2170.6,79,0,,0,0,clipped_into_other_jurisdiction; open_research,0,2,warn,2026-10-03
112,Walnut Creek,06013,False,0,913,119,5.0,0,0.0,0.0,0.0,12.4,0,44,0,0,0,0,0,0,1,30,2024-06-11,2024-06-11,False,False,,,,,False,28993,84,0.3,2,1517.2,88,0,,0,0,open_research; minus9999_density_multifamily,0,2,warn,2026-10-03
6101,Windsor,06097,False,0,501,28,21.0,0,0.0,0.0,0.0,23.3,0,1,1,0,0,0,0,0,0,2,2023-12-01,2026-02-13,True,True,,,,,False,8870,43,0.5,6,1110.4,45,0,,0,0,open_research; baseline_older_than_code,0,2,warn,2026-10-03
1529,Woodside,06081,False,0,62,28,97.0,1,12.8,0.0,0.0,3.7,0,0,3,0,0,0,0,0,0,6,2025-02-17,2025-02-17,True,False,,,,,False,2400,3,0.1,4,242.4,6,0,,0,0,clipped_into_other_jurisdiction,0,1,warn,2026-10-03
5476,Yountville,06055,False,0,114,13,5.0,0,0.0,0.0,0.0,11.2,0,0,4,0,0,0,0,0,1,6,2023-10-03,2023-10-03,True,False,,,,,False,847,4,0.5,1,103.4,2,0,,0,0,minus9999_density_multifamily,0,1,warn,2026-10-03
